identificador,titulo,municipio_estado,estado,modalidade,modalidade_id,orgao,site_original
PNCP-07587983000153-1-000001-2024,"Contratação Direta 2023.12.12.4/2024","Assaré [CE]",CE,Dispensa,6,"MUNICIPIO DE ASSARE",http://www.comprasassare.com.br
PNCP-07587983000153-1-000004-2024,"Contratação Direta 2024.01.16.3/2024","Assaré [CE]",CE,Dispensa,6,"MUNICIPIO DE ASSARE",http://www.comprasassare.com.br
PNCP-07272636000131-1-000074-2023,"Edital 00077/2023","Fortaleza [CE]",CE,"Pregão eletrônico",5,"UNIVERSIDADE FEDERAL DO CEARA",https://cnetmobile.estaleiro.serpro.gov.br/comprasnet-web/public/landing?destino=acompanhamento-compra&compra=15304505000772023
PNCP-07237373000120-1-000056-2023,"Edital 00108/2023","Fortaleza [CE]",CE,"Pregão eletrônico",5,"BANCO DO NORDESTE DO BRASIL",https://cnetmobile.estaleiro.serpro.gov.br/comprasnet-web/public/landing?destino=acompanhamento-compra&compra=17908505001082023
PNCP-07954480000179-1-002872-2023,"Edital 01411/2023","Fortaleza [CE]",CE,"Pregão eletrônico",5,"ESTADO DO CEARA",https://cnetmobile.estaleiro.serpro.gov.br/comprasnet-web/public/landing?destino=acompanhamento-compra&compra=94300105014112023
PNCP-07954480000179-1-002881-2023,"Edital 01697/2023","Fortaleza [CE]",CE,"Pregão eletrônico",5,"ESTADO DO CEARA",https://cnetmobile.estaleiro.serpro.gov.br/comprasnet-web/public/landing?destino=acompanhamento-compra&compra=94300105016972023
PNCP-07954480000179-1-002882-2023,"Edital 01770/2023","Fortaleza [CE]",CE,"Pregão eletrônico",5,"ESTADO DO CEARA",https://cnetmobile.estaleiro.serpro.gov.br/comprasnet-web/public/landing?destino=acompanhamento-compra&compra=94300105017702023
PNCP-07954480000179-1-002871-2023,"Edital 01772/2023","Fortaleza [CE]",CE,"Pregão eletrônico",5,"ESTADO DO CEARA",https://cnetmobile.estaleiro.serpro.gov.br/comprasnet-web/public/landing?destino=acompanhamento-compra&compra=94300105017722023
PNCP-07954480000179-1-002883-2023,"Edital 01779/2023","Fortaleza [CE]",CE,"Pregão eletrônico",5,"ESTADO DO CEARA",https://cnetmobile.estaleiro.serpro.gov.br/comprasnet-web/public/landing?destino=acompanhamento-compra&compra=94300105017792023
PNCP-07954480000179-1-002876-2023,"Edital 01828/2023","Fortaleza [CE]",CE,"Pregão eletrônico",5,"ESTADO DO CEARA",https://cnetmobile.estaleiro.serpro.gov.br/comprasnet-web/public/landing?destino=acompanhamento-compra&compra=94300105018282023
PNCP-07954480000179-1-002887-2023,"Edital 202314212/2023","Fortaleza [CE]",CE,"Pregão eletrônico",5,"ESTADO DO CEARA",http://comprasgovernamentais.gov.br/
PNCP-07954480000179-1-002879-2023,"Edital 202317619/2023","Fortaleza [CE]",CE,"Pregão eletrônico",5,"ESTADO DO CEARA",http://comprasgovernamentais.gov.br/
PNCP-07954480000179-1-002878-2023,"Edital 202318903/2023","Fortaleza [CE]",CE,"Pregão eletrônico",5,"ESTADO DO CEARA",http://comprasgovernamentais.gov.br/
PNCP-07954480000179-1-002885-2023,"Edital 202320515/2023","Fortaleza [CE]",CE,"Pregão eletrônico",5,"ESTADO DO CEARA",http://comprasgovernamentais.gov.br/
PNCP-07954480000179-1-002880-2023,"Edital 202320834/2023","Fortaleza [CE]",CE,"Pregão eletrônico",5,"ESTADO DO CEARA",http://comprasgovernamentais.gov.br/
PNCP-07954480000179-1-002892-2023,"Edital 202321008/2023","Fortaleza [CE]",CE,"Pregão eletrônico",5,"ESTADO DO CEARA",http://comprasgovernamentais.gov.br/
PNCP-07954480000179-1-002891-2023,"Edital 202321303/2023","Fortaleza [CE]",CE,"Pregão eletrônico",5,"ESTADO DO CEARA",http://comprasgovernamentais.gov.br/
PNCP-07954480000179-1-002890-2023,"Edital 202321322/2023","Fortaleza [CE]",CE,"Pregão eletrônico",5,"ESTADO DO CEARA",http://comprasgovernamentais.gov.br/
PNCP-07954480000179-1-002877-2023,"Edital 202321550/2023","Fortaleza [CE]",CE,"Pregão eletrônico",5,"ESTADO DO CEARA",http://comprasgovernamentais.gov.br/
PNCP-07954480000179-1-002865-2023,"Edital 202322326/2023","Fortaleza [CE]",CE,"Pregão eletrônico",5,"ESTADO DO CEARA",http://comprasgovernamentais.gov.br/
PNCP-07954480000179-1-002889-2023,"Edital 202322334/2023","Fortaleza [CE]",CE,"Pregão eletrônico",5,"ESTADO DO CEARA",http://comprasgovernamentais.gov.br/
PNCP-07954480000179-1-002893-2023,"Edital 202322500/2023","Fortaleza [CE]",CE,"Pregão eletrônico",5,"ESTADO DO CEARA",http://comprasgovernamentais.gov.br/
PNCP-07954480000179-1-002869-2023,"Edital 202322560/2023","Fortaleza [CE]",CE,"Pregão eletrônico",5,"ESTADO DO CEARA",http://comprasgovernamentais.gov.br/
PNCP-07954480000179-1-002884-2023,"Edital 202323073/2023","Fortaleza [CE]",CE,"Pregão eletrônico",5,"ESTADO DO CEARA",http://comprasgovernamentais.gov.br/
PNCP-07954480000179-1-002863-2023,"Edital 202324130/2023","Fortaleza [CE]",CE,"Pregão eletrônico",5,"ESTADO DO CEARA",http://comprasgovernamentais.gov.br/
PNCP-07954480000179-1-002886-2023,"Edital 202325404/2023","Fortaleza [CE]",CE,"Pregão eletrônico",5,"ESTADO DO CEARA",http://comprasgovernamentais.gov.br/
PNCP-07954480000179-1-002888-2023,"Edital 202327313/2023","Fortaleza [CE]",CE,"Pregão eletrônico",5,"ESTADO DO CEARA",http://comprasgovernamentais.gov.br/
PNCP-00394460000141-1-000016-2024,"Edital 90001/2024","Fortaleza [CE]",CE,"Pregão eletrônico",5,"MINISTERIO DA ECONOMIA",https://cnetmobile.estaleiro.serpro.gov.br/comprasnet-web/public/landing?destino=acompanhamento-compra&compra=17004005900012024
PNCP-00394452000103-1-000064-2024,"Edital 90001/2024","Crateús [CE]",CE,"Pregão eletrônico",5,"COMANDO DO EXERCITO",https://cnetmobile.estaleiro.serpro.gov.br/comprasnet-web/public/landing?destino=acompanhamento-compra&compra=16004105900012024
PNCP-07954480000179-1-000009-2024,"Edital 90001/2024","Fortaleza [CE]",CE,"Pregão eletrônico",5,"ESTADO DO CEARA",https://cnetmobile.estaleiro.serpro.gov.br/comprasnet-web/public/landing?destino=acompanhamento-compra&compra=92774405900012024
PNCP-00394494000136-1-000010-2024,"Edital 90001/2024","Fortaleza [CE]",CE,"Pregão eletrônico",5,"MINISTERIO DA JUSTICA E SEGURANCA PUBLICA",https://cnetmobile.estaleiro.serpro.gov.br/comprasnet-web/public/landing?destino=acompanhamento-compra&compra=20039205900012024
PNCP-07954480000179-1-000010-2024,"Edital 90001/2024","Fortaleza [CE]",CE,"Pregão eletrônico",5,"ESTADO DO CEARA",https://cnetmobile.estaleiro.serpro.gov.br/comprasnet-web/public/landing?destino=acompanhamento-compra&compra=92648405900012024
PNCP-07954605000160-1-000004-2024,"Edital 90001/2024/2024","Fortaleza [CE]",CE,"Pregão eletrônico",5,"MUNICIPIO DE FORTALEZA",https://compras.sepog.fortaleza.ce.gov.br/
PNCP-07237373000120-1-000002-2024,"Edital 90002/2024","Fortaleza [CE]",CE,"Pregão eletrônico",5,"BANCO DO NORDESTE DO BRASIL",https://cnetmobile.estaleiro.serpro.gov.br/comprasnet-web/public/landing?destino=acompanhamento-compra&compra=17908505900022024
PNCP-00394460000141-1-000020-2024,"Edital 90002/2024","Fortaleza [CE]",CE,"Pregão eletrônico",5,"MINISTERIO DA ECONOMIA",https://cnetmobile.estaleiro.serpro.gov.br/comprasnet-web/public/landing?destino=acompanhamento-compra&compra=17004005900022024
PNCP-00509018000113-1-000039-2024,"Edital 90003/2024","Fortaleza [CE]",CE,"Pregão eletrônico",5,"TRIBUNAL SUPERIOR ELEITORAL",https://cnetmobile.estaleiro.serpro.gov.br/comprasnet-web/public/landing?destino=acompanhamento-compra&compra=07000705900032024
PNCP-12461646000155-1-000002-2024,"Edital Nº 1501.01-2024-SRP-/2024","Ibicuitinga [CE]",CE,"Pregão eletrônico",5,"MUNICIPIO DE IBICUITINGA",http://compras.m2atecnologia.com.br/processos/publicacao/c50224aa5de14a95845687d62b4f5cec/registro-de-precos-para-futuras-e-eventuais-aquisi
PNCP-07954480000179-1-002895-2023,"Edital 01642/2023","Fortaleza [CE]",CE,"Pregão eletrônico",5,"ESTADO DO CEARA",https://cnetmobile.estaleiro.serpro.gov.br/comprasnet-web/public/landing?destino=acompanhamento-compra&compra=94300105016422023
PNCP-07954480000179-1-002896-2023,"Edital 01643/2023","Fortaleza [CE]",CE,"Pregão eletrônico",5,"ESTADO DO CEARA",https://cnetmobile.estaleiro.serpro.gov.br/comprasnet-web/public/landing?destino=acompanhamento-compra&compra=94300105016432023
PNCP-07954480000179-1-002894-2023,"Edital 01655/2023","Fortaleza [CE]",CE,"Pregão eletrônico",5,"ESTADO DO CEARA",https://cnetmobile.estaleiro.serpro.gov.br/comprasnet-web/public/landing?destino=acompanhamento-compra&compra=94300105016552023
PNCP-07954480000179-1-002898-2023,"Edital 01665/2023","Fortaleza [CE]",CE,"Pregão eletrônico",5,"ESTADO DO CEARA",https://cnetmobile.estaleiro.serpro.gov.br/comprasnet-web/public/landing?destino=acompanhamento-compra&compra=94300105016652023
PNCP-07954480000179-1-002897-2023,"Edital 01737/2023","Fortaleza [CE]",CE,"Pregão eletrônico",5,"ESTADO DO CEARA",https://cnetmobile.estaleiro.serpro.gov.br/comprasnet-web/public/landing?destino=acompanhamento-compra&compra=94300105017372023
PNCP-07403769000108-1-000002-2024,"Edital 002/24-PE/2024","Itaiçaba [CE]",CE,"Pregão eletrônico",5,"MUNICIPIO DE ITAICABA",http://compras.m2atecnologia.com.br/processos/publicacao/3dca697cb04646ac87a5c4fd5c525b44/registro-de-precos-para-futura-e-eventual-contrata
PNCP-23444672000191-1-000001-2024,"Edital 00.001/2024-SRP PE/2024","Banabuiú [CE]",CE,"Pregão eletrônico",5,"MUNICIPIO DE BANABUIU",https://licitamaisbrasil.com.br/detalhes-do-edital/VDmclwKClYuZBu8i
PNCP-07954480000179-1-002902-2023,"Edital 01428/2023","Fortaleza [CE]",CE,"Pregão eletrônico",5,"ESTADO DO CEARA",https://cnetmobile.estaleiro.serpro.gov.br/comprasnet-web/public/landing?destino=acompanhamento-compra&compra=94300105014282023
PNCP-07954480000179-1-002913-2023,"Edital 01606/2023","Fortaleza [CE]",CE,"Pregão eletrônico",5,"ESTADO DO CEARA",https://cnetmobile.estaleiro.serpro.gov.br/comprasnet-web/public/landing?destino=acompanhamento-compra&compra=94300105016062023
PNCP-07954480000179-1-002900-2023,"Edital 01641/2023","Fortaleza [CE]",CE,"Pregão eletrônico",5,"ESTADO DO CEARA",https://cnetmobile.estaleiro.serpro.gov.br/comprasnet-web/public/landing?destino=acompanhamento-compra&compra=94300105016412023
PNCP-07954480000179-1-002899-2023,"Edital 01768/2023","Fortaleza [CE]",CE,"Pregão eletrônico",5,"ESTADO DO CEARA",https://cnetmobile.estaleiro.serpro.gov.br/comprasnet-web/public/landing?destino=acompanhamento-compra&compra=94300105017682023
PNCP-07954480000179-1-002914-2023,"Edital 01787/2023","Fortaleza [CE]",CE,"Pregão eletrônico",5,"ESTADO DO CEARA",https://cnetmobile.estaleiro.serpro.gov.br/comprasnet-web/public/landing?destino=acompanhamento-compra&compra=94300105017872023
PNCP-07954480000179-1-002904-2023,"Edital 01809/2023","Fortaleza [CE]",CE,"Pregão eletrônico",5,"ESTADO DO CEARA",https://cnetmobile.estaleiro.serpro.gov.br/comprasnet-web/public/landing?destino=acompanhamento-compra&compra=94300105018092023
PNCP-07954480000179-1-002901-2023,"Edital 01833/2023","Fortaleza [CE]",CE,"Pregão eletrônico",5,"ESTADO DO CEARA",https://cnetmobile.estaleiro.serpro.gov.br/comprasnet-web/public/landing?destino=acompanhamento-compra&compra=94300105018332023
PNCP-07954480000179-1-002911-2023,"Edital 01856/2023","Fortaleza [CE]",CE,"Pregão eletrônico",5,"ESTADO DO CEARA",https://cnetmobile.estaleiro.serpro.gov.br/comprasnet-web/public/landing?destino=acompanhamento-compra&compra=94300105018562023
PNCP-07954480000179-1-002912-2023,"Edital 01869/2023","Fortaleza [CE]",CE,"Pregão eletrônico",5,"ESTADO DO CEARA",https://cnetmobile.estaleiro.serpro.gov.br/comprasnet-web/public/landing?destino=acompanhamento-compra&compra=94300105018692023
PNCP-07954480000179-1-002910-2023,"Edital 01941/2023","Fortaleza [CE]",CE,"Pregão eletrônico",5,"ESTADO DO CEARA",https://cnetmobile.estaleiro.serpro.gov.br/comprasnet-web/public/landing?destino=acompanhamento-compra&compra=94300105019412023
PNCP-07954480000179-1-002903-2023,"Edital 01987/2023","Fortaleza [CE]",CE,"Pregão eletrônico",5,"ESTADO DO CEARA",https://cnetmobile.estaleiro.serpro.gov.br/comprasnet-web/public/landing?destino=acompanhamento-compra&compra=94300105019872023
PNCP-07954480000179-1-002908-2023,"Edital 202320202/2023","Fortaleza [CE]",CE,"Pregão eletrônico",5,"ESTADO DO CEARA",http://comprasgovernamentais.gov.br/
PNCP-07954480000179-1-002907-2023,"Edital 202322251/2023","Fortaleza [CE]",CE,"Pregão eletrônico",5,"ESTADO DO CEARA",http://comprasgovernamentais.gov.br/
PNCP-07954480000179-1-002906-2023,"Edital 202327820/2023","Fortaleza [CE]",CE,"Pregão eletrônico",5,"ESTADO DO CEARA",http://comprasgovernamentais.gov.br/
PNCP-07954480000179-1-002909-2023,"Edital 202328641/2023","Fortaleza [CE]",CE,"Pregão eletrônico",5,"ESTADO DO CEARA",http://comprasgovernamentais.gov.br/
PNCP-07954480000179-1-002905-2023,"Edital 202329391/2023","Fortaleza [CE]",CE,"Pregão eletrônico",5,"ESTADO DO CEARA",http://comprasgovernamentais.gov.br/
PNCP-12465639000121-1-000004-2024,"Edital 2024.01.12.1/2024","Milagres [CE]",CE,"Pregão eletrônico",5,"MUNICIPIO DE MILAGRES - CAMARA MUNICIPAL",http://www.portaldacamarademilagres.com.br
PNCP-07539273000158-1-000002-2024,"Edital 2024.01.17.1/2024","Várzea Alegre [CE]",CE,"Pregão eletrônico",5,"MUNICIPIO DE VARZEA ALEGRE",http://www.portaldevarzeaalegrece.com.br
PNCP-03567753000171-1-000001-2024,"Edital 90001/2024","Fortaleza [CE]",CE,"Pregão eletrônico",5,"CONSELHO REGIONAL DE EDUCACAO FISICA - REGIAO 05",https://cnetmobile.estaleiro.serpro.gov.br/comprasnet-web/public/landing?destino=acompanhamento-compra&compra=92812805900012024
PNCP-00394452000103-1-000079-2024,"Edital 90003/2024","Crateús [CE]",CE,"Pregão eletrônico",5,"COMANDO DO EXERCITO",https://cnetmobile.estaleiro.serpro.gov.br/comprasnet-web/public/landing?destino=acompanhamento-compra&compra=16004105900032024
PNCP-00509018000113-1-000048-2024,"Edital 90004/2024","Fortaleza [CE]",CE,"Pregão eletrônico",5,"TRIBUNAL SUPERIOR ELEITORAL",https://cnetmobile.estaleiro.serpro.gov.br/comprasnet-web/public/landing?destino=acompanhamento-compra&compra=07000705900042024
PNCP-46392163000168-1-000020-2023,"Contratação Direta 00011/2023","São Paulo [SP]",SP,Dispensa,6,"SECRETARIA MUNICIPAL DE INOVACAO E TECNOLOGIA - SMIT",https://cnetmobile.estaleiro.serpro.gov.br/comprasnet-web/public/landing?destino=acompanhamento-compra&compra=92634506000112023
PNCP-52561214000130-1-000016-2023,"Contratação Direta 000161/2023","Mogi das Cruzes [SP]",SP,Dispensa,6,"SERVICO MUNICIPAL DE AGUAS E ESGOTOS",http://transparencia.cebi.com.br/019
PNCP-48344014000159-1-000017-2024,"Edital 000001/24/2024","Guaíra [SP]",SP,"Pregão eletrônico",5,"MUNICIPIO DE GUAIRA",https://licitamaisbrasil.com.br/detalhes-do-edital/DPHbiR3YIZSq9W1r
PNCP-45000431000196-1-000036-2023,"Edital 00002/2023","São Paulo [SP]",SP,Concorrência,2,"PMSP - SECRETARIA MUNICIPAL DE TURISMO",https://cnetmobile.estaleiro.serpro.gov.br/comprasnet-web/public/landing?destino=acompanhamento-compra&compra=92950903000022023
PNCP-46523015000135-1-000116-2023,"Edital 00003/2023","Barueri [SP]",SP,"Chamamento público",11,"MUNICIPIO DE BARUERI",https://compras.barueri.sp.gov.br/Default.aspx
PNCP-67652750000119-1-000002-2024,"Edital 00004/2024","Caraguatatuba [SP]",SP,"Pregão eletrônico",5,"FUNDACAO EDUCACIONAL E CULTURAL DE CARAGUATATUBA",http://www.comprasfundacc.com.br
PNCP-00394452000103-1-014533-2023,"Edital 00009/2023","Campinas [SP]",SP,"Pregão eletrônico",5,"COMANDO DO EXERCITO",https://cnetmobile.estaleiro.serpro.gov.br/comprasnet-web/public/landing?destino=acompanhamento-compra&compra=16046605000092023
PNCP-46523015000135-1-000010-2024,"Edital 00009/2024","Barueri [SP]",SP,"Pregão eletrônico",5,"MUNICIPIO DE BARUERI",https://compras.barueri.sp.gov.br/Default.aspx
PNCP-46392155000111-1-000019-2023,"Edital 00012/2023","São Paulo [SP]",SP,"Pregão eletrônico",5,"SAO PAULO SECRETARIA MUNICIPAL DE MOBILIDADE E TRANSPORTES",https://cnetmobile.estaleiro.serpro.gov.br/comprasnet-web/public/landing?destino=acompanhamento-compra&compra=92501805000122023
PNCP-00394452000103-1-014651-2023,"Edital 00013/2023","São Paulo [SP]",SP,"Pregão eletrônico",5,"COMANDO DO EXERCITO",https://cnetmobile.estaleiro.serpro.gov.br/comprasnet-web/public/landing?destino=acompanhamento-compra&compra=16045705000132023
PNCP-03676803000159-1-000024-2023,"Edital 00014/2023","São Paulo [SP]",SP,"Pregão eletrônico",5,"CONSELHO REGIONAL DE EDUCACAO FISICA DA 4 REGIAO",https://cnetmobile.estaleiro.serpro.gov.br/comprasnet-web/public/landing?destino=acompanhamento-compra&compra=92608905000142023
PNCP-48344014000159-1-000016-2024,"Edital 000195/23/2024","Guaíra [SP]",SP,"Pregão eletrônico",5,"MUNICIPIO DE GUAIRA",https://licitamaisbrasil.com.br/detalhes-do-edital/hEXWgnl1pd2_88qJ
PNCP-00394452000103-1-014649-2023,"Edital 00024/2023","Barueri [SP]",SP,"Pregão eletrônico",5,"COMANDO DO EXERCITO",https://cnetmobile.estaleiro.serpro.gov.br/comprasnet-web/public/landing?destino=acompanhamento-compra&compra=16052905000242023
PNCP-60975075000110-1-000094-2023,"Edital 00035/2023","São Paulo [SP]",SP,"Pregão eletrônico",5,"CONSELHO REGIONAL DE FARMACIA DO ESTADO DE SAO PAULO",https://cnetmobile.estaleiro.serpro.gov.br/comprasnet-web/public/landing?destino=acompanhamento-compra&compra=38946105000352023
PNCP-48344014000159-1-000015-2024,"Edital 000362/23/2024","Guaíra [SP]",SP,"Pregão eletrônico",5,"MUNICIPIO DE GUAIRA",https://licitamaisbrasil.com.br/detalhes-do-edital/U7B0xLiB3rvlf5pS
PNCP-50176288000128-1-000042-2023,"Edital 00043/2023","São Paulo [SP]",SP,"Pregão eletrônico",5,"SAO PAULO CAMARA MUNICIPAL",https://cnetmobile.estaleiro.serpro.gov.br/comprasnet-web/public/landing?destino=acompanhamento-compra&compra=92510905000432023
PNCP-10882594000165-1-000446-2023,"Edital 00047/2023","São Paulo [SP]",SP,"Pregão eletrônico",5,"INSTITUTO FEDERAL DE EDUCACAO, CIENCIA E TECNOLOGIA DE SAO PAULO",https://cnetmobile.estaleiro.serpro.gov.br/comprasnet-web/public/landing?destino=acompanhamento-compra&compra=15815405000472023
PNCP-00394452000103-1-014622-2023,"Edital 00049/2023","Taubaté [SP]",SP,"Pregão eletrônico",5,"COMANDO DO EXERCITO",https://cnetmobile.estaleiro.serpro.gov.br/comprasnet-web/public/landing?destino=acompanhamento-compra&compra=16051805000492023
PNCP-10882594000165-1-000445-2023,"Edital 00081/2023","São Paulo [SP]",SP,"Pregão eletrônico",5,"INSTITUTO FEDERAL DE EDUCACAO, CIENCIA E TECNOLOGIA DE SAO PAULO",https://cnetmobile.estaleiro.serpro.gov.br/comprasnet-web/public/landing?destino=acompanhamento-compra&compra=15815405000812023
PNCP-00509968000148-1-002318-2023,"Edital 00098/2023","São Paulo [SP]",SP,"Pregão eletrônico",5,"TRIBUNAL SUPERIOR DO TRABALHO",https://cnetmobile.estaleiro.serpro.gov.br/comprasnet-web/public/landing?destino=acompanhamento-compra&compra=08001005000982023
PNCP-46379400000150-1-002662-2023,"Edital 00147/2023","Fernandópolis [SP]",SP,"Pregão eletrônico",5,"ESTADO DE SAO PAULO",https://cnetmobile.estaleiro.serpro.gov.br/comprasnet-web/public/landing?destino=acompanhamento-compra&compra=98641105001472023
PNCP-46379400000150-1-002669-2023,"Edital 00149/2023","Fernandópolis [SP]",SP,"Pregão eletrônico",5,"ESTADO DE SAO PAULO",https://cnetmobile.estaleiro.serpro.gov.br/comprasnet-web/public/landing?destino=acompanhamento-compra&compra=98641105001492023
PNCP-46379400000150-1-002686-2023,"Edital 00150/2023","Fernandópolis [SP]",SP,"Pregão eletrônico",5,"ESTADO DE SAO PAULO",https://cnetmobile.estaleiro.serpro.gov.br/comprasnet-web/public/landing?destino=acompanhamento-compra&compra=98641105001502023
PNCP-60453032000174-1-000266-2023,"Edital 00153/2023","São Paulo [SP]",SP,"Pregão eletrônico",5,"UNIVERSIDADE FEDERAL DE SAO PAULO",https://cnetmobile.estaleiro.serpro.gov.br/comprasnet-web/public/landing?destino=acompanhamento-compra&compra=15303105001532023
PNCP-60453032000174-1-000262-2023,"Edital 00169/2023","São Paulo [SP]",SP,"Pregão eletrônico",5,"UNIVERSIDADE FEDERAL DE SAO PAULO",https://cnetmobile.estaleiro.serpro.gov.br/comprasnet-web/public/landing?destino=acompanhamento-compra&compra=15303105001692023
PNCP-60453032000174-1-000265-2023,"Edital 00175/2023","São Paulo [SP]",SP,"Pregão eletrônico",5,"UNIVERSIDADE FEDERAL DE SAO PAULO",https://cnetmobile.estaleiro.serpro.gov.br/comprasnet-web/public/landing?destino=acompanhamento-compra&compra=15303105001752023
PNCP-46379400000150-1-002678-2023,"Edital 00188/2023","Marília [SP]",SP,"Pregão eletrônico",5,"ESTADO DE SAO PAULO",https://cnetmobile.estaleiro.serpro.gov.br/comprasnet-web/public/landing?destino=acompanhamento-compra&compra=98668105001882023
PNCP-46634101000115-1-000207-2023,"Edital 00268/2023","Botucatu [SP]",SP,"Pregão eletrônico",5,"MUNICIPIO DE BOTUCATU",https://cnetmobile.estaleiro.serpro.gov.br/comprasnet-web/public/landing?destino=acompanhamento-compra&compra=98624905002682023
PNCP-46379400000150-1-002667-2023,"Edital 00279/2023","Jacareí [SP]",SP,"Pregão eletrônico",5,"ESTADO DE SAO PAULO",https://cnetmobile.estaleiro.serpro.gov.br/comprasnet-web/public/landing?destino=acompanhamento-compra&compra=98658905002792023
PNCP-46634101000115-1-000205-2023,"Edital 00294/2023","Botucatu [SP]",SP,"Pregão eletrônico",5,"MUNICIPIO DE BOTUCATU",https://cnetmobile.estaleiro.serpro.gov.br/comprasnet-web/public/landing?destino=acompanhamento-compra&compra=98624905002942023
PNCP-46634101000115-1-000203-2023,"Edital 00307/2023","Botucatu [SP]",SP,"Pregão eletrônico",5,"MUNICIPIO DE BOTUCATU",https://cnetmobile.estaleiro.serpro.gov.br/comprasnet-web/public/landing?destino=acompanhamento-compra&compra=98624905003072023
PNCP-13864377000130-1-001957-2023,"Edital 00927/2023","São Paulo [SP]",SP,"Pregão eletrônico",5,"FUNDO MUNICIPAL DE SAUDE - FMS",https://cnetmobile.estaleiro.serpro.gov.br/comprasnet-web/public/landing?destino=acompanhamento-compra&compra=92500305009272023
PNCP-13864377000130-1-002003-2023,"Edital 00959/2023","São Paulo [SP]",SP,"Pregão eletrônico",5,"FUNDO MUNICIPAL DE SAUDE - FMS",https://cnetmobile.estaleiro.serpro.gov.br/comprasnet-web/public/landing?destino=acompanhamento-compra&compra=92500305009592023
PNCP-33683111000107-1-000070-2023,"Edital 01239/2023","São Paulo [SP]",SP,"Pregão eletrônico",5,"SERVICO FEDERAL DE PROCESSAMENTO DE DADOS (SERPRO)",https://cnetmobile.estaleiro.serpro.gov.br/comprasnet-web/public/landing?destino=acompanhamento-compra&compra=80308005012392023
PNCP-46482832000192-1-000001-2024,"Edital 1 | Processo 26370/2024","São Sebastião [SP]",SP,"Pregão eletrônico",5,"MUNICIPIO DE SAO SEBASTIAO",https://alertalicitacao.com.br/!licitacao/PNCP-46482832000192-1-000001-2024
PNCP-67652750000119-1-000001-2024,"Edital 1/2024","Caraguatatuba [SP]",SP,"Pregão eletrônico",5,"FUNDACAO EDUCACIONAL E CULTURAL DE CARAGUATATUBA",https://pmcaraguatatuba.geosiap.net.br/portal-transparencia/licitacoes/processo/83242
PNCP-45321460000150-1-000001-2024,"Edital 1/2024","Ibitinga [SP]",SP,"Pregão eletrônico",5,"MUNICIPIO DA ESTANCIA TURISTICA DE IBITINGA",https://ecrie.com.br/sistema/conteudos/arquivo/a_29_1_1_19012024104636.pdf
PNCP-44440832000102-1-000004-2024,"Edital 1/2024","Braúna [SP]",SP,"Pregão eletrônico",5,"MUNICIPIO DE BRAUNA",https://alertalicitacao.com.br/!licitacao/PNCP-44440832000102-1-000004-2024
PNCP-45131885000104-1-000001-2024,"Edital 1/2024","Jales [SP]",SP,Pregão,13,"MUNICIPIO DE JALES",https://scpi-jales.rlz.com.br/Transparencia/Default.aspx?AcessoIndividual=lnkLicitacoes
PNCP-46482840000139-1-000001-2024,"Edital 1/2024","Caraguatatuba [SP]",SP,"Pregão eletrônico",5,"MUNICIPIO DE CARAGUATATUBA",https://pmcaraguatatuba.geosiap.net.br/portal-transparencia/licitacoes/processo/83191
PNCP-51814960000126-1-000003-2024,"Edital 1/2024","Dourado [SP]",SP,"Pregão eletrônico",5,"MUNICIPIO DE DOURADO",https://www.dourado.sp.gov.br/licitacao/detalhe/386/pspan-stylecolorblackstrongregistro-de-precos-para-aquisicao-de-material-de-limpeza-e-cozinha-para-a-prefeitura-municipal-de-dourado-spstrongspanp/
PNCP-46694121000181-1-000001-2024,"Edital 1/2024","Santa Branca [SP]",SP,Pregão,13,"MUNICIPIO DE SANTA BRANCA",https://pmsantabranca.geosiap.net.br/portal-transparencia/licitacoes/processo/7653
PNCP-47563739000175-1-000180-2023,"Edital 105R/2023 /2023","Lorena [SP]",SP,"Pregão eletrônico",5,"MUNICIPIO DE LORENA",http://www.licitalorenasp.com.br
PNCP-47563739000175-1-000174-2023,"Edital 108/2023","Lorena [SP]",SP,"Pregão eletrônico",5,"MUNICIPIO DE LORENA",https://siap.lorena.sp.gov.br/portal-transparencia/licitacoes/processo/39384
PNCP-47563739000175-1-000177-2023,"Edital 109/2023","Lorena [SP]",SP,"Pregão eletrônico",5,"MUNICIPIO DE LORENA",https://siap.lorena.sp.gov.br/portal-transparencia/licitacoes/processo/39386
PNCP-47563739000175-1-000176-2023,"Edital 110/2023","Lorena [SP]",SP,"Pregão eletrônico",5,"MUNICIPIO DE LORENA",https://siap.lorena.sp.gov.br/portal-transparencia/licitacoes/processo/39389
PNCP-43076702000161-1-000022-2023,"Edital 12004/2023","São Paulo [SP]",SP,"Pregão eletrônico",5,"PMSP - EMPRESA DE TEC. DA INFORMAÇÃO - PRODAM",https://cnetmobile.estaleiro.serpro.gov.br/comprasnet-web/public/landing?destino=acompanhamento-compra&compra=92509905120042023
PNCP-45122942000180-1-000096-2023,"Edital 131 | Processo 3874/2023","Pindorama [SP]",SP,"Pregão eletrônico",5,"MUNICIPIO DE PINDORAMA",https://alertalicitacao.com.br/!licitacao/PNCP-45122942000180-1-000096-2023
PNCP-45122942000180-1-000097-2023,"Edital 132 | Processo 3873/2023","Pindorama [SP]",SP,"Pregão eletrônico",5,"MUNICIPIO DE PINDORAMA",https://alertalicitacao.com.br/!licitacao/PNCP-45122942000180-1-000097-2023
PNCP-46634416000162-1-000032-2023,"Edital 193/2023","Riversul [SP]",SP,Pregão,13,"MUNICIPIO DE RIVERSUL",http://pncpmap.jelastic.saveincloud.net
PNCP-45355914000103-1-000006-2024,"Edital 2/2024","Ribeirão Bonito [SP]",SP,Pregão,13,"MUNICIPIO DE RIBEIRAO BONITO",http://terminal.ribeiraobonito.sp.gov.br:8079/comprasedital/
PNCP-46482840000139-1-000002-2024,"Edital 2/2024","Caraguatatuba [SP]",SP,"Pregão eletrônico",5,"MUNICIPIO DE CARAGUATATUBA",https://pmcaraguatatuba.geosiap.net.br/portal-transparencia/licitacoes/processo/83176
PNCP-48664304000180-1-000005-2024,"Edital 3 | Processo 4/2024","Guariba [SP]",SP,"Pregão eletrônico",5,"MUNICIPIO DE GUARIBA",https://alertalicitacao.com.br/!licitacao/PNCP-48664304000180-1-000005-2024
PNCP-45093663000136-1-000003-2024,"Edital 3/2024","Cedral [SP]",SP,"Pregão eletrônico",5,"MUNICIPIO DE CEDRAL",http://200.95.195.86:8081/comprasedital/
PNCP-48664304000180-1-000106-2023,"Edital 4 | Processo 475/2023","Guariba [SP]",SP,Concorrência,2,"MUNICIPIO DE GUARIBA",https://alertalicitacao.com.br/!licitacao/PNCP-48664304000180-1-000106-2023
PNCP-48664304000180-1-000004-2024,"Edital 4 | Processo 5/2024","Guariba [SP]",SP,Pregão,13,"MUNICIPIO DE GUARIBA",https://alertalicitacao.com.br/!licitacao/PNCP-48664304000180-1-000004-2024
PNCP-48664304000180-1-000119-2023,"Edital 5 | Processo 486/2023","Guariba [SP]",SP,Concorrência,2,"MUNICIPIO DE GUARIBA",https://alertalicitacao.com.br/!licitacao/PNCP-48664304000180-1-000119-2023
PNCP-48664304000180-1-000006-2024,"Edital 5 | Processo 6/2024","Guariba [SP]",SP,"Pregão eletrônico",5,"MUNICIPIO DE GUARIBA",https://alertalicitacao.com.br/!licitacao/PNCP-48664304000180-1-000006-2024
PNCP-46482840000139-1-000526-2023,"Edital 52/2023","Caraguatatuba [SP]",SP,"Pregão eletrônico",5,"MUNICIPIO DE CARAGUATATUBA",https://pmcaraguatatuba.geosiap.net.br/portal-transparencia/licitacoes/processo/83107
PNCP-48664304000180-1-000120-2023,"Edital 6 | Processo 488/2023","Guariba [SP]",SP,Concorrência,2,"MUNICIPIO DE GUARIBA",https://alertalicitacao.com.br/!licitacao/PNCP-48664304000180-1-000120-2023
PNCP-00000368000150-1-000001-2024,"Edital 90000/2024","São Paulo [SP]",SP,"Pregão eletrônico",5,"CASA MILITAR DO GABINETE DO GOVERNADOR",https://cnetmobile.estaleiro.serpro.gov.br/comprasnet-web/public/landing?destino=acompanhamento-compra&compra=99019205900002024
PNCP-26474056000171-1-000003-2024,"Edital 90001/2024","São Paulo [SP]",SP,"Pregão eletrônico",5,"INSTITUTO DO PATRIMONIO HISTORICO E ARTISTICO NACIONAL",https://cnetmobile.estaleiro.serpro.gov.br/comprasnet-web/public/landing?destino=acompanhamento-compra&compra=34300905900012024
PNCP-46392155000111-1-000001-2024,"Edital 90001/2024","São Paulo [SP]",SP,"Pregão eletrônico",5,"SAO PAULO SECRETARIA MUNICIPAL DE MOBILIDADE E TRANSPORTES",https://cnetmobile.estaleiro.serpro.gov.br/comprasnet-web/public/landing?destino=acompanhamento-compra&compra=92501805900012024
PNCP-26989715000102-1-000022-2024,"Edital 90001/2024","São Paulo [SP]",SP,"Pregão eletrônico",5,"MINISTERIO PUBLICO DA UNIAO",https://cnetmobile.estaleiro.serpro.gov.br/comprasnet-web/public/landing?destino=acompanhamento-compra&compra=20020405900012024
PNCP-49269236000117-1-000009-2024,"Edital 90001/2024","São Paulo [SP]",SP,"Pregão eletrônico",5,"SECRETARIA MUNICIPAL DAS SUBPREFEITURAS",https://cnetmobile.estaleiro.serpro.gov.br/comprasnet-web/public/landing?destino=acompanhamento-compra&compra=92509305900012024
PNCP-46379400000150-1-000069-2024,"Edital 90001/2024","Monte Alto [SP]",SP,"Pregão eletrônico",5,"ESTADO DE SAO PAULO",https://cnetmobile.estaleiro.serpro.gov.br/comprasnet-web/public/landing?destino=acompanhamento-compra&compra=98672705900012024
PNCP-63002141000163-1-000001-2024,"Edital 90001/2024","São Paulo [SP]",SP,"Pregão eletrônico",5,"CONSELHO REGIONAL DE CONTABILIDADE DO ESTADO SAO PAULO",https://cnetmobile.estaleiro.serpro.gov.br/comprasnet-web/public/landing?destino=acompanhamento-compra&compra=92517305900012024
PNCP-00509018000113-1-000047-2024,"Edital 90001/2024","São Paulo [SP]",SP,"Pregão eletrônico",5,"TRIBUNAL SUPERIOR ELEITORAL",https://cnetmobile.estaleiro.serpro.gov.br/comprasnet-web/public/landing?destino=acompanhamento-compra&compra=07001805900012024
PNCP-46379400000150-1-000015-2024,"Edital 90001/2024","Campinas [SP]",SP,"Pregão eletrônico",5,"ESTADO DE SAO PAULO",https://cnetmobile.estaleiro.serpro.gov.br/comprasnet-web/public/landing?destino=acompanhamento-compra&compra=93032405900012024
PNCP-00394460000141-1-000011-2024,"Edital 90001/2024","São Paulo [SP]",SP,"Pregão eletrônico",5,"MINISTERIO DA ECONOMIA",https://cnetmobile.estaleiro.serpro.gov.br/comprasnet-web/public/landing?destino=acompanhamento-compra&compra=17013105900012024
PNCP-74118514000182-1-000002-2024,"Edital 90001/2024","São Paulo [SP]",SP,"Pregão eletrônico",5,"SAO PAULO SECRETARIA DO VERDE E DO MEIO AMBIENTE",https://cnetmobile.estaleiro.serpro.gov.br/comprasnet-web/public/landing?destino=acompanhamento-compra&compra=92502005900012024
PNCP-46379400000150-1-000039-2024,"Edital 90001/2024","Barueri [SP]",SP,"Pregão eletrônico",5,"ESTADO DE SAO PAULO",https://cnetmobile.estaleiro.serpro.gov.br/comprasnet-web/public/landing?destino=acompanhamento-compra&compra=92665605900012024
PNCP-46379400000150-1-000042-2024,"Edital 90001/2024","Borebi [SP]",SP,"Pregão eletrônico",5,"ESTADO DE SAO PAULO",https://cnetmobile.estaleiro.serpro.gov.br/comprasnet-web/public/landing?destino=acompanhamento-compra&compra=98724705900012024
PNCP-13864377000130-1-000063-2024,"Edital 90001/2024","São Paulo [SP]",SP,"Pregão eletrônico",5,"FUNDO MUNICIPAL DE SAUDE - FMS",https://cnetmobile.estaleiro.serpro.gov.br/comprasnet-web/public/landing?destino=acompanhamento-compra&compra=92521205900012024
PNCP-46379400000150-1-000062-2024,"Edital 90001/2024","Pederneiras [SP]",SP,"Pregão eletrônico",5,"ESTADO DE SAO PAULO",https://cnetmobile.estaleiro.serpro.gov.br/comprasnet-web/public/landing?destino=acompanhamento-compra&compra=98683505900012024
PNCP-46392114000125-1-000008-2024,"Edital 90001/2024","São Paulo [SP]",SP,"Pregão eletrônico",5,"SECRETARIA MUNICIPAL DE EDUCACAO",https://cnetmobile.estaleiro.serpro.gov.br/comprasnet-web/public/landing?destino=acompanhamento-compra&compra=92519505900012024
PNCP-46392130000118-1-000001-2024,"Edital 90001/2024","São Paulo [SP]",SP,"Pregão eletrônico",5,"SECRETARIA MUNICIPAL DA FAZENDA",https://cnetmobile.estaleiro.serpro.gov.br/comprasnet-web/public/landing?destino=acompanhamento-compra&compra=92501105900012024
PNCP-45358058000140-1-000004-2024,"Edital 90001/2024","São Carlos [SP]",SP,"Pregão eletrônico",5,"FUNDACAO UNIVERSIDADE FEDERAL DE SAO CARLOS",https://cnetmobile.estaleiro.serpro.gov.br/comprasnet-web/public/landing?destino=acompanhamento-compra&compra=15640305900012024
PNCP-15126437000143-1-000039-2024,"Edital 90001/2024","São Carlos [SP]",SP,"Pregão eletrônico",5,"EMPRESA BRASILEIRA DE SERVIÇOS HOSPITALARES",https://cnetmobile.estaleiro.serpro.gov.br/comprasnet-web/public/landing?destino=acompanhamento-compra&compra=15590005900012024
PNCP-00394460000141-1-000031-2024,"Edital 90001/2024","Jundiaí [SP]",SP,"Pregão eletrônico",5,"MINISTERIO DA FAZENDA",https://cnetmobile.estaleiro.serpro.gov.br/comprasnet-web/public/landing?destino=acompanhamento-compra&compra=17031805900012024
PNCP-74118514000182-1-000001-2024,"Edital 90001/2024","São Paulo [SP]",SP,Concorrência,2,"SAO PAULO SECRETARIA DO VERDE E DO MEIO AMBIENTE",https://cnetmobile.estaleiro.serpro.gov.br/comprasnet-web/public/landing?destino=acompanhamento-compra&compra=92502003900012024
PNCP-49269244000163-1-000002-2024,"Edital 90001/2024","São Paulo [SP]",SP,Concurso,9,"SAO PAULO SECRETARIA MUNICIPAL DE CULTURA",https://cnetmobile.estaleiro.serpro.gov.br/comprasnet-web/public/landing?destino=acompanhamento-compra&compra=92505420900012024
PNCP-49269244000163-1-000001-2024,"Edital 90002/2024","São Paulo [SP]",SP,Concurso,9,"SAO PAULO SECRETARIA MUNICIPAL DE CULTURA",https://cnetmobile.estaleiro.serpro.gov.br/comprasnet-web/public/landing?destino=acompanhamento-compra&compra=92505420900022024
PNCP-46379400000150-1-000025-2024,"Edital 90002/2024","São Paulo [SP]",SP,"Pregão eletrônico",5,"ESTADO DE SAO PAULO",https://cnetmobile.estaleiro.serpro.gov.br/comprasnet-web/public/landing?destino=acompanhamento-compra&compra=93045205900022024
PNCP-46379400000150-1-000043-2024,"Edital 90002/2024","Campinas [SP]",SP,"Pregão eletrônico",5,"ESTADO DE SAO PAULO",https://cnetmobile.estaleiro.serpro.gov.br/comprasnet-web/public/landing?destino=acompanhamento-compra&compra=98629105900022024
PNCP-60269453000140-1-000002-2024,"Edital 90002/2024","São Paulo [SP]",SP,"Pregão eletrônico",5,"SECRETARIA MUNICIPAL DE ASSISTENCIA E DESENVOLVIMENTO SOCIAL",https://cnetmobile.estaleiro.serpro.gov.br/comprasnet-web/public/landing?destino=acompanhamento-compra&compra=92505205900022024
PNCP-74118514000182-1-000003-2024,"Edital 90002/2024","São Paulo [SP]",SP,"Pregão eletrônico",5,"SAO PAULO SECRETARIA DO VERDE E DO MEIO AMBIENTE",https://cnetmobile.estaleiro.serpro.gov.br/comprasnet-web/public/landing?destino=acompanhamento-compra&compra=92502005900022024
PNCP-00394502000144-1-000040-2024,"Edital 90002/2024","São Paulo [SP]",SP,"Pregão eletrônico",5,"COMANDO DA MARINHA",https://cnetmobile.estaleiro.serpro.gov.br/comprasnet-web/public/landing?destino=acompanhamento-compra&compra=74205005900022024
PNCP-60453032000174-1-000002-2024,"Edital 90002/2024","São Paulo [SP]",SP,"Pregão eletrônico",5,"UNIVERSIDADE FEDERAL DE SAO PAULO",https://cnetmobile.estaleiro.serpro.gov.br/comprasnet-web/public/landing?destino=acompanhamento-compra&compra=15303105900022024
PNCP-46379400000150-1-000070-2024,"Edital 90002/2024","Monte Alto [SP]",SP,"Pregão eletrônico",5,"ESTADO DE SAO PAULO",https://cnetmobile.estaleiro.serpro.gov.br/comprasnet-web/public/landing?destino=acompanhamento-compra&compra=98672705900022024
PNCP-00394460000141-1-000012-2024,"Edital 90002/2024","São Paulo [SP]",SP,"Pregão eletrônico",5,"MINISTERIO DA ECONOMIA",https://cnetmobile.estaleiro.serpro.gov.br/comprasnet-web/public/landing?destino=acompanhamento-compra&compra=17013105900022024
PNCP-46379400000150-1-000044-2024,"Edital 90002/2024","Borebi [SP]",SP,"Pregão eletrônico",5,"ESTADO DE SAO PAULO",https://cnetmobile.estaleiro.serpro.gov.br/comprasnet-web/public/landing?destino=acompanhamento-compra&compra=98724705900022024
PNCP-46379400000150-1-000016-2024,"Edital 90002/2024","Campinas [SP]",SP,"Pregão eletrônico",5,"ESTADO DE SAO PAULO",https://cnetmobile.estaleiro.serpro.gov.br/comprasnet-web/public/landing?destino=acompanhamento-compra&compra=93032405900022024
PNCP-49269244000163-1-000003-2024,"Edital 90003/2024","São Paulo [SP]",SP,Concurso,9,"SAO PAULO SECRETARIA MUNICIPAL DE CULTURA",https://cnetmobile.estaleiro.serpro.gov.br/comprasnet-web/public/landing?destino=acompanhamento-compra&compra=92505420900032024
PNCP-46379400000150-1-000072-2024,"Edital 90003/2024","Monte Alto [SP]",SP,"Pregão eletrônico",5,"ESTADO DE SAO PAULO",https://cnetmobile.estaleiro.serpro.gov.br/comprasnet-web/public/landing?destino=acompanhamento-compra&compra=98672705900032024
PNCP-60269453000140-1-000003-2024,"Edital 90003/2024","São Paulo [SP]",SP,"Pregão eletrônico",5,"SECRETARIA MUNICIPAL DE ASSISTENCIA E DESENVOLVIMENTO SOCIAL",https://cnetmobile.estaleiro.serpro.gov.br/comprasnet-web/public/landing?destino=acompanhamento-compra&compra=92505205900032024
PNCP-46379400000150-1-000038-2024,"Edital 90003/2024","São Paulo [SP]",SP,"Pregão eletrônico",5,"ESTADO DE SAO PAULO",https://cnetmobile.estaleiro.serpro.gov.br/comprasnet-web/public/landing?destino=acompanhamento-compra&compra=93045205900032024
PNCP-45358058000140-1-000005-2024,"Edital 90003/2024","São Carlos [SP]",SP,"Pregão eletrônico",5,"FUNDACAO UNIVERSIDADE FEDERAL DE SAO CARLOS",https://cnetmobile.estaleiro.serpro.gov.br/comprasnet-web/public/landing?destino=acompanhamento-compra&compra=15404905900032024
PNCP-00396895000125-1-000005-2024,"Edital 90003/2024","São Paulo [SP]",SP,"Pregão eletrônico",5,"MINISTERIO DA AGRICULTURA, PECUARIA E ABASTECIMENTO",https://cnetmobile.estaleiro.serpro.gov.br/comprasnet-web/public/landing?destino=acompanhamento-compra&compra=13006705900032024
PNCP-46379400000150-1-000051-2024,"Edital 90003/2024","Campinas [SP]",SP,"Pregão eletrônico",5,"ESTADO DE SAO PAULO",https://cnetmobile.estaleiro.serpro.gov.br/comprasnet-web/public/landing?destino=acompanhamento-compra&compra=98629105900032024
PNCP-46379400000150-1-000061-2024,"Edital 90004/2024","Campinas [SP]",SP,"Pregão eletrônico",5,"ESTADO DE SAO PAULO",https://cnetmobile.estaleiro.serpro.gov.br/comprasnet-web/public/landing?destino=acompanhamento-compra&compra=98629105900042024
PNCP-45358058000140-1-000007-2024,"Edital 90004/2024","São Carlos [SP]",SP,"Pregão eletrônico",5,"FUNDACAO UNIVERSIDADE FEDERAL DE SAO CARLOS",https://cnetmobile.estaleiro.serpro.gov.br/comprasnet-web/public/landing?destino=acompanhamento-compra&compra=15404905900042024
PNCP-46379400000150-1-000071-2024,"Edital 90004/2024","Campinas [SP]",SP,"Pregão eletrônico",5,"ESTADO DE SAO PAULO",https://cnetmobile.estaleiro.serpro.gov.br/comprasnet-web/public/landing?destino=acompanhamento-compra&compra=92667705900042024
PNCP-46379400000150-1-000060-2024,"Edital 90004/2024","Campinas [SP]",SP,"Pregão eletrônico",5,"ESTADO DE SAO PAULO",https://cnetmobile.estaleiro.serpro.gov.br/comprasnet-web/public/landing?destino=acompanhamento-compra&compra=93032405900042024
PNCP-13864377000130-1-000020-2024,"Edital 90004/2024","São Paulo [SP]",SP,"Pregão eletrônico",5,"FUNDO MUNICIPAL DE SAUDE - FMS",https://cnetmobile.estaleiro.serpro.gov.br/comprasnet-web/public/landing?destino=acompanhamento-compra&compra=92500305900042024
PNCP-46379400000150-1-000068-2024,"Edital 90005/2024","Campinas [SP]",SP,"Pregão eletrônico",5,"ESTADO DE SAO PAULO",https://cnetmobile.estaleiro.serpro.gov.br/comprasnet-web/public/landing?destino=acompanhamento-compra&compra=98629105900052024
PNCP-00394429000100-1-000032-2024,"Edital 90007/2024","Pirassununga [SP]",SP,"Pregão eletrônico",5,"COMANDO DA AERONAUTICA",https://cnetmobile.estaleiro.serpro.gov.br/comprasnet-web/public/landing?destino=acompanhamento-compra&compra=12006005900072024
PNCP-46379400000150-1-000063-2024,"Edital 90007/2024","São José dos Campos [SP]",SP,"Pregão eletrônico",5,"ESTADO DE SAO PAULO",https://cnetmobile.estaleiro.serpro.gov.br/comprasnet-web/public/landing?destino=acompanhamento-compra&compra=92933405900072024
PNCP-00394429000100-1-000033-2024,"Edital 90009/2024","Pirassununga [SP]",SP,"Pregão eletrônico",5,"COMANDO DA AERONAUTICA",https://cnetmobile.estaleiro.serpro.gov.br/comprasnet-web/public/landing?destino=acompanhamento-compra&compra=12006005900092024
PNCP-13864377000130-1-000022-2024,"Edital 90009/2024","São Paulo [SP]",SP,"Pregão eletrônico",5,"FUNDO MUNICIPAL DE SAUDE - FMS",https://cnetmobile.estaleiro.serpro.gov.br/comprasnet-web/public/landing?destino=acompanhamento-compra&compra=92500305900092024
PNCP-13864377000130-1-000024-2024,"Edital 90010/2024","São Paulo [SP]",SP,"Pregão eletrônico",5,"FUNDO MUNICIPAL DE SAUDE - FMS",https://cnetmobile.estaleiro.serpro.gov.br/comprasnet-web/public/landing?destino=acompanhamento-compra&compra=92500305900102024
PNCP-13864377000130-1-000011-2024,"Edital 90012/2024","São Paulo [SP]",SP,"Pregão eletrônico",5,"FUNDO MUNICIPAL DE SAUDE - FMS",https://cnetmobile.estaleiro.serpro.gov.br/comprasnet-web/public/landing?destino=acompanhamento-compra&compra=92500305900122024
PNCP-00394429000100-1-000034-2024,"Edital 90013/2024","Pirassununga [SP]",SP,"Pregão eletrônico",5,"COMANDO DA AERONAUTICA",https://cnetmobile.estaleiro.serpro.gov.br/comprasnet-web/public/landing?destino=acompanhamento-compra&compra=12006005900132024
PNCP-13864377000130-1-000019-2024,"Edital 90016/2024","São Paulo [SP]",SP,"Pregão eletrônico",5,"FUNDO MUNICIPAL DE SAUDE - FMS",https://cnetmobile.estaleiro.serpro.gov.br/comprasnet-web/public/landing?destino=acompanhamento-compra&compra=92500305900162024
PNCP-13864377000130-1-000023-2024,"Edital 90017/2024","São Paulo [SP]",SP,"Pregão eletrônico",5,"FUNDO MUNICIPAL DE SAUDE - FMS",https://cnetmobile.estaleiro.serpro.gov.br/comprasnet-web/public/landing?destino=acompanhamento-compra&compra=92500305900172024
PNCP-13864377000130-1-000030-2024,"Edital 90021/2024","São Paulo [SP]",SP,"Pregão eletrônico",5,"FUNDO MUNICIPAL DE SAUDE - FMS",https://cnetmobile.estaleiro.serpro.gov.br/comprasnet-web/public/landing?destino=acompanhamento-compra&compra=92500305900212024
PNCP-13864377000130-1-000038-2024,"Edital 90026/2024","São Paulo [SP]",SP,"Pregão eletrônico",5,"FUNDO MUNICIPAL DE SAUDE - FMS",https://cnetmobile.estaleiro.serpro.gov.br/comprasnet-web/public/landing?destino=acompanhamento-compra&compra=92500305900262024
PNCP-13864377000130-1-000042-2024,"Edital 90030/2024","São Paulo [SP]",SP,"Pregão eletrônico",5,"FUNDO MUNICIPAL DE SAUDE - FMS",https://cnetmobile.estaleiro.serpro.gov.br/comprasnet-web/public/landing?destino=acompanhamento-compra&compra=92500305900302024
PNCP-13864377000130-1-000043-2024,"Edital 90031/2024","São Paulo [SP]",SP,"Pregão eletrônico",5,"FUNDO MUNICIPAL DE SAUDE - FMS",https://cnetmobile.estaleiro.serpro.gov.br/comprasnet-web/public/landing?destino=acompanhamento-compra&compra=92500305900312024
PNCP-13864377000130-1-000046-2024,"Edital 90033/2024","São Paulo [SP]",SP,"Pregão eletrônico",5,"FUNDO MUNICIPAL DE SAUDE - FMS",https://cnetmobile.estaleiro.serpro.gov.br/comprasnet-web/public/landing?destino=acompanhamento-compra&compra=92500305900332024
PNCP-13864377000130-1-000048-2024,"Edital 90035/2024","São Paulo [SP]",SP,"Pregão eletrônico",5,"FUNDO MUNICIPAL DE SAUDE - FMS",https://cnetmobile.estaleiro.serpro.gov.br/comprasnet-web/public/landing?destino=acompanhamento-compra&compra=92500305900352024
PNCP-13864377000130-1-000047-2024,"Edital 90036/2024","São Paulo [SP]",SP,"Pregão eletrônico",5,"FUNDO MUNICIPAL DE SAUDE - FMS",https://cnetmobile.estaleiro.serpro.gov.br/comprasnet-web/public/landing?destino=acompanhamento-compra&compra=92500305900362024
PNCP-13864377000130-1-000050-2024,"Edital 90037/2024","São Paulo [SP]",SP,"Pregão eletrônico",5,"FUNDO MUNICIPAL DE SAUDE - FMS",https://cnetmobile.estaleiro.serpro.gov.br/comprasnet-web/public/landing?destino=acompanhamento-compra&compra=92500305900372024
PNCP-13864377000130-1-000049-2024,"Edital 90038/2024","São Paulo [SP]",SP,"Pregão eletrônico",5,"FUNDO MUNICIPAL DE SAUDE - FMS",https://cnetmobile.estaleiro.serpro.gov.br/comprasnet-web/public/landing?destino=acompanhamento-compra&compra=92500305900382024
PNCP-13864377000130-1-000053-2024,"Edital 90039/2024","São Paulo [SP]",SP,"Pregão eletrônico",5,"FUNDO MUNICIPAL DE SAUDE - FMS",https://cnetmobile.estaleiro.serpro.gov.br/comprasnet-web/public/landing?destino=acompanhamento-compra&compra=92500305900392024
PNCP-13864377000130-1-000054-2024,"Edital 90040/2024","São Paulo [SP]",SP,"Pregão eletrônico",5,"FUNDO MUNICIPAL DE SAUDE - FMS",https://cnetmobile.estaleiro.serpro.gov.br/comprasnet-web/public/landing?destino=acompanhamento-compra&compra=92500305900402024
PNCP-13864377000130-1-000056-2024,"Edital 90041/2024","São Paulo [SP]",SP,"Pregão eletrônico",5,"FUNDO MUNICIPAL DE SAUDE - FMS",https://cnetmobile.estaleiro.serpro.gov.br/comprasnet-web/public/landing?destino=acompanhamento-compra&compra=92500305900412024
PNCP-13864377000130-1-000064-2024,"Edital 90042/2024","São Paulo [SP]",SP,"Pregão eletrônico",5,"FUNDO MUNICIPAL DE SAUDE - FMS",https://cnetmobile.estaleiro.serpro.gov.br/comprasnet-web/public/landing?destino=acompanhamento-compra&compra=92500305900422024
PNCP-13864377000130-1-000055-2024,"Edital 90043/2024","São Paulo [SP]",SP,"Pregão eletrônico",5,"FUNDO MUNICIPAL DE SAUDE - FMS",https://cnetmobile.estaleiro.serpro.gov.br/comprasnet-web/public/landing?destino=acompanhamento-compra&compra=92500305900432024
PNCP-13864377000130-1-000065-2024,"Edital 90044/2024","São Paulo [SP]",SP,"Pregão eletrônico",5,"FUNDO MUNICIPAL DE SAUDE - FMS",https://cnetmobile.estaleiro.serpro.gov.br/comprasnet-web/public/landing?destino=acompanhamento-compra&compra=92500305900442024
PNCP-13864377000130-1-000062-2024,"Edital 90045/2024","São Paulo [SP]",SP,"Pregão eletrônico",5,"FUNDO MUNICIPAL DE SAUDE - FMS",https://cnetmobile.estaleiro.serpro.gov.br/comprasnet-web/public/landing?destino=acompanhamento-compra&compra=92500305900452024
PNCP-13864377000130-1-000068-2024,"Edital 90046/2024","São Paulo [SP]",SP,"Pregão eletrônico",5,"FUNDO MUNICIPAL DE SAUDE - FMS",https://cnetmobile.estaleiro.serpro.gov.br/comprasnet-web/public/landing?destino=acompanhamento-compra&compra=92500305900462024
PNCP-10882594000165-1-000005-2024,"Edital 91364/2024","São Paulo [SP]",SP,"Pregão eletrônico",5,"INSTITUTO FEDERAL DE EDUCACAO, CIENCIA E TECNOLOGIA DE SAO PAULO",https://cnetmobile.estaleiro.serpro.gov.br/comprasnet-web/public/landing?destino=acompanhamento-compra&compra=15815405913642024
PNCP-10882594000165-1-000007-2024,"Edital 93582/2024","São Paulo [SP]",SP,"Pregão eletrônico",5,"INSTITUTO FEDERAL DE EDUCACAO, CIENCIA E TECNOLOGIA DE SAO PAULO",https://cnetmobile.estaleiro.serpro.gov.br/comprasnet-web/public/landing?destino=acompanhamento-compra&compra=15815405935822024
PNCP-45780103000150-1-000165-2024,"Edital PMJ-2024-10-14/2024","Jundiaí [SP]",SP,"Pregão eletrônico",5,"MUNICIPIO DE JUNDIAI",https://compraaberta.jundiai.sp.gov.br/licitacoes/
PNCP-45780103000150-1-000045-2024,"Edital PMJ-2024-3-14/2024","Jundiaí [SP]",SP,"Pregão eletrônico",5,"MUNICIPIO DE JUNDIAI",https://compraaberta.jundiai.sp.gov.br/licitacoes/
PNCP-45780103000150-1-000163-2024,"Edital PMJ-2024-6-14/2024","Jundiaí [SP]",SP,"Pregão eletrônico",5,"MUNICIPIO DE JUNDIAI",https://compraaberta.jundiai.sp.gov.br/licitacoes/
PNCP-45780103000150-1-000164-2024,"Edital PMJ-2024-8-14/2024","Jundiaí [SP]",SP,"Pregão eletrônico",5,"MUNICIPIO DE JUNDIAI",https://compraaberta.jundiai.sp.gov.br/licitacoes/
PNCP-13743281000114-1-000002-2024,"Edital 001/2024","Salinas da Margarida [BA]",BA,Concorrência,2,"MUNICIPIO DE SALINAS DA MARGARIDA",sai.io.org.br/site/PublicadoPncp/90757?localConsulta=2&cod=1850
PNCP-13906409000113-1-000001-2024,"Edital 001/2024/2024","Anagé [BA]",BA,"Pregão eletrônico",5,"MUNICIPIO DE ANAGE",sai.io.org.br/site/PublicadoPncp/90982?localConsulta=2&cod=1525
PNCP-02204196000161-1-000025-2024,"Contratação Direta 1468/2024","Itumbiara [GO]",GO,Dispensa,6,"MUNICIPIO DE ITUMBIARA",https://go.centi.com.br/itumbiara/portalfornecedor
PNCP-02468437000180-1-000013-2024,"Contratação Direta 2493/2024","São Francisco de Goiás [GO]",GO,Dispensa,6,"MUNICIPIO DE SAO FRANCISCO DE GOIAS",http://saofrancisco.bsit-br.com.br/portal/dispensation-bidding-transparency.jsf
PNCP-23601834000158-1-000001-2024,"Edital 001/2024","Zé Doca [MA]",MA,Pregão,13,"MUNICIPIO DE ZE DOCA - CAMARA MUNICIPAL",https://www.cmzedoca.com
PNCP-77071579000108-1-000103-2023,"Edital 467/2023","Curitiba [PR]",PR,"Pregão eletrônico",5,"SECRETARIA DE ESTADO DA ADMINISTRACAO E DA PREVIDENCIA - SEAP",www.transparencia.pr.gov.br/pte/compras/licitacoes/pesquisar-param?numprocesso=467&ano=2023&codmodalidade=68
PNCP-07663917000115-1-000003-2024,"Edital 02/2024-SESA/2024","Cruz [CE]",CE,"Pregão eletrônico",5,"MUNICIPIO DE CRUZ",https://licitamaisbrasil.com.br/detalhes-do-edital/Z-BEvJegdoyEUi8Y
PNCP-07587983000153-1-000005-2024,"Edital 2024.01.17.1/2024","Assaré [CE]",CE,"Pregão eletrônico",5,"MUNICIPIO DE ASSARE",http://www.comprasassare.com.br
PNCP-07443708000166-1-000002-2024,"Edital 22.01.01/2024/2024","Jaguaribe [CE]",CE,"Pregão eletrônico",5,"MUNICIPIO DE JAGUARIBE",http://compras.m2atecnologia.com.br/processos/publicacao/5fc8041078ec4b47a7c13e732b0abb5a/contratacao-de-empresa-apta-a-prestar-servicos-de
PNCP-00509018000113-1-000063-2024,"Edital 90002/2024","Fortaleza [CE]",CE,"Pregão eletrônico",5,"TRIBUNAL SUPERIOR ELEITORAL",https://cnetmobile.estaleiro.serpro.gov.br/comprasnet-web/public/landing?destino=acompanhamento-compra&compra=07000705900022024
PNCP-07954480000179-1-000023-2024,"Edital 90002/2024","Fortaleza [CE]",CE,"Pregão eletrônico",5,"ESTADO DO CEARA",https://cnetmobile.estaleiro.serpro.gov.br/comprasnet-web/public/landing?destino=acompanhamento-compra&compra=92648405900022024
PNCP-07954480000179-1-000029-2024,"Edital 90002/2024","Fortaleza [CE]",CE,"Pregão eletrônico",5,"ESTADO DO CEARA",https://cnetmobile.estaleiro.serpro.gov.br/comprasnet-web/public/landing?destino=acompanhamento-compra&compra=92774405900022024
PNCP-07954605000160-1-000009-2024,"Edital 90002/2024/2024","Fortaleza [CE]",CE,"Pregão eletrônico",5,"MUNICIPIO DE FORTALEZA",https://compras.sepog.fortaleza.ce.gov.br/
PNCP-00509018000113-1-000064-2024,"Edital 90005/2024","Fortaleza [CE]",CE,"Pregão eletrônico",5,"TRIBUNAL SUPERIOR ELEITORAL",https://cnetmobile.estaleiro.serpro.gov.br/comprasnet-web/public/landing?destino=acompanhamento-compra&compra=07000705900052024
PNCP-46588950000180-1-000010-2024,"Contratação Direta 185/2024","São José do Rio Preto [SP]",SP,Dispensa,6,"MUNICIPIO DE SAO JOSE DO RIO PRETO",https://compras.empro.com.br/
PNCP-46612032000149-1-000007-2024,"Contratação Direta 3 | Processo 9/2024","Mirassol [SP]",SP,Dispensa,6,"MUNICIPIO DE MIRASSOL",https://alertalicitacao.com.br/!licitacao/PNCP-46612032000149-1-000007-2024
PNCP-46612032000149-1-000008-2024,"Contratação Direta 8 | Processo 11/2024","Mirassol [SP]",SP,Dispensa,6,"MUNICIPIO DE MIRASSOL",https://alertalicitacao.com.br/!licitacao/PNCP-46612032000149-1-000008-2024
PNCP-46379400000150-1-000094-2024,"Contratação Direta 90013/2024","Piracicaba [SP]",SP,Dispensa,6,"ESTADO DE SAO PAULO",http://cnetmobile.estaleiro.serpro.gov.br/comprasnet-web/public/compras/acompanhamento-compra?compra=92924106900132024
PNCP-00394502000144-1-012786-2023,"Edital 00018/2023","São Paulo [SP]",SP,"Pregão eletrônico",5,"COMANDO DA MARINHA",https://cnetmobile.estaleiro.serpro.gov.br/comprasnet-web/public/landing?destino=acompanhamento-compra&compra=78900005000182023
PNCP-00394452000103-1-014671-2023,"Edital 00023/2023","Barueri [SP]",SP,"Pregão eletrônico",5,"COMANDO DO EXERCITO",https://cnetmobile.estaleiro.serpro.gov.br/comprasnet-web/public/landing?destino=acompanhamento-compra&compra=16052905000232023
PNCP-50176288000128-1-000043-2023,"Edital 00042/2023","São Paulo [SP]",SP,"Pregão eletrônico",5,"SAO PAULO CAMARA MUNICIPAL",https://cnetmobile.estaleiro.serpro.gov.br/comprasnet-web/public/landing?destino=acompanhamento-compra&compra=92510905000422023
PNCP-49269244000163-1-000146-2023,"Edital 00079/2023","São Paulo [SP]",SP,"Pregão eletrônico",5,"SAO PAULO SECRETARIA MUNICIPAL DE CULTURA",https://cnetmobile.estaleiro.serpro.gov.br/comprasnet-web/public/landing?destino=acompanhamento-compra&compra=92505405000792023
PNCP-46379400000150-1-002690-2023,"Edital 00126/2023","Fernandópolis [SP]",SP,"Pregão eletrônico",5,"ESTADO DE SAO PAULO",https://cnetmobile.estaleiro.serpro.gov.br/comprasnet-web/public/landing?destino=acompanhamento-compra&compra=98641105001262023
PNCP-45192275000102-1-000001-2024,"Edital 003/2024","Cachoeira Paulista [SP]",SP,"Pregão eletrônico",5,"MUNICIPIO DE CACHOEIRA PAULISTA",http://www.licitacaocachoeirapaulista.com.br
PNCP-45331188000199-1-000015-2024,"Edital 1 | Processo 20/2024","Conchal [SP]",SP,"Pregão eletrônico",5,"MUNICIPIO DE CONCHAL",https://alertalicitacao.com.br/!licitacao/PNCP-45331188000199-1-000015-2024
PNCP-15317270000106-1-000001-2024,"Edital 1/2024","Meridiano [SP]",SP,Concorrência,2,"REGIME PROPRIO DE PREVIDENCIA SOCIAL DO MUNICIPIO DE MERIDIANO - RPPS",https://meridiano.sp.gov.br/licitacao/
PNCP-15317270000106-1-000002-2024,"Edital 1/2024","Meridiano [SP]",SP,Concorrência,2,"REGIME PROPRIO DE PREVIDENCIA SOCIAL DO MUNICIPIO DE MERIDIANO - RPPS",https://meridiano.sp.gov.br/licitacao/
PNCP-15317270000106-1-000003-2024,"Edital 1/2024","Meridiano [SP]",SP,Concorrência,2,"REGIME PROPRIO DE PREVIDENCIA SOCIAL DO MUNICIPIO DE MERIDIANO - RPPS",https://meridiano.sp.gov.br/licitacao/
PNCP-15317270000106-1-000004-2024,"Edital 1/2024","Meridiano [SP]",SP,Concorrência,2,"REGIME PROPRIO DE PREVIDENCIA SOCIAL DO MUNICIPIO DE MERIDIANO - RPPS",https://meridiano.sp.gov.br/licitacao/
PNCP-15317270000106-1-000006-2024,"Edital 1/2024","Meridiano [SP]",SP,Concorrência,2,"REGIME PROPRIO DE PREVIDENCIA SOCIAL DO MUNICIPIO DE MERIDIANO - RPPS",https://meridiano.sp.gov.br/licitacao/
PNCP-47563739000175-1-000181-2023,"Edital 105RII/2023 /2023","Lorena [SP]",SP,"Pregão eletrônico",5,"MUNICIPIO DE LORENA",http://www.licitalorenasp.com.br
PNCP-48344014000159-1-000020-2024,"Edital 204/2023/2024","Guaíra [SP]",SP,"Pregão eletrônico",5,"MUNICIPIO DE GUAIRA",https://licitamaisbrasil.com.br/detalhes-do-edital/ZJjB4iD320phlFOf
PNCP-48344014000159-1-000019-2024,"Edital 208/2023/2024","Guaíra [SP]",SP,"Pregão eletrônico",5,"MUNICIPIO DE GUAIRA",https://licitamaisbrasil.com.br/detalhes-do-edital/nb6HJ2xvFWTu3-Bc
PNCP-45355914000103-1-000007-2024,"Edital 3/2024","Ribeirão Bonito [SP]",SP,Pregão,13,"MUNICIPIO DE RIBEIRAO BONITO",http://terminal.ribeiraobonito.sp.gov.br:8079/comprasedital/
PNCP-45093663000136-1-000004-2024,"Edital 4/2024","Cedral [SP]",SP,"Pregão eletrônico",5,"MUNICIPIO DE CEDRAL",http://200.95.195.86:8081/comprasedital/
PNCP-45355914000103-1-000008-2024,"Edital 4/2024","Ribeirão Bonito [SP]",SP,Pregão,13,"MUNICIPIO DE RIBEIRAO BONITO",http://terminal.ribeiraobonito.sp.gov.br:8079/comprasedital/
PNCP-45093663000136-1-000005-2024,"Edital 5/2024","Cedral [SP]",SP,"Pregão eletrônico",5,"MUNICIPIO DE CEDRAL",http://200.95.195.86:8081/comprasedital/
PNCP-46482840000139-1-000535-2023,"Edital 56/2023","Caraguatatuba [SP]",SP,"Pregão eletrônico",5,"MUNICIPIO DE CARAGUATATUBA",https://pmcaraguatatuba.geosiap.net.br/portal-transparencia/licitacoes/processo/83170
PNCP-48664304000180-1-000008-2024,"Edital 6 | Processo 7/2024","Guariba [SP]",SP,"Pregão eletrônico",5,"MUNICIPIO DE GUARIBA",https://alertalicitacao.com.br/!licitacao/PNCP-48664304000180-1-000008-2024
PNCP-48664304000180-1-000007-2024,"Edital 7 | Processo 8/2024","Guariba [SP]",SP,"Pregão eletrônico",5,"MUNICIPIO DE GUARIBA",https://alertalicitacao.com.br/!licitacao/PNCP-48664304000180-1-000007-2024
PNCP-48664304000180-1-000009-2024,"Edital 8 | Processo 9/2024","Guariba [SP]",SP,"Pregão eletrônico",5,"MUNICIPIO DE GUARIBA",https://alertalicitacao.com.br/!licitacao/PNCP-48664304000180-1-000009-2024
PNCP-46379400000150-1-000079-2024,"Edital 90001/2024","Jacareí [SP]",SP,"Pregão eletrônico",5,"ESTADO DE SAO PAULO",https://cnetmobile.estaleiro.serpro.gov.br/comprasnet-web/public/landing?destino=acompanhamento-compra&compra=98658905900012024
PNCP-50052885000140-1-000001-2024,"Edital 90001/2024","São Paulo [SP]",SP,"Pregão eletrônico",5,"CONSELHO REGIONAL DE MEDICINA VETERINARIA DO EST DE SP",https://cnetmobile.estaleiro.serpro.gov.br/comprasnet-web/public/landing?destino=acompanhamento-compra&compra=38918905900012024
PNCP-60985017000177-1-000001-2024,"Edital 90001/2024","São Paulo [SP]",SP,"Pregão eletrônico",5,"CONSELHO REGIONAL DE ENGENHARIA E AGRONOMIA DO ESTADO DE SAO PAULO",https://cnetmobile.estaleiro.serpro.gov.br/comprasnet-web/public/landing?destino=acompanhamento-compra&compra=38942305900012024
PNCP-46379400000150-1-000088-2024,"Edital 90001/2024","Agudos [SP]",SP,"Pregão eletrônico",5,"ESTADO DE SAO PAULO",https://cnetmobile.estaleiro.serpro.gov.br/comprasnet-web/public/landing?destino=acompanhamento-compra&compra=92963905900012024
PNCP-49269236000117-1-000022-2024,"Edital 90001/2024","São Paulo [SP]",SP,"Pregão eletrônico",5,"SECRETARIA MUNICIPAL DAS SUBPREFEITURAS",https://cnetmobile.estaleiro.serpro.gov.br/comprasnet-web/public/landing?destino=acompanhamento-compra&compra=92508505900012024
PNCP-00394429000100-1-000046-2024,"Edital 90001/2024","Guaratinguetá [SP]",SP,"Pregão eletrônico",5,"COMANDO DA AERONAUTICA",https://cnetmobile.estaleiro.serpro.gov.br/comprasnet-web/public/landing?destino=acompanhamento-compra&compra=12006405900012024
PNCP-49269251000165-1-000001-2024,"Edital 90001/2024","São Paulo [SP]",SP,"Pregão eletrônico",5,"SECRETARIA MUNICIPAL DE GESTAO - SG",https://cnetmobile.estaleiro.serpro.gov.br/comprasnet-web/public/landing?destino=acompanhamento-compra&compra=92500005900012024
PNCP-37115433000100-1-000001-2024,"Edital 90001/2024","São Paulo [SP]",SP,"Pregão eletrônico",5,"CONSELHO REGIONAL DE PSICOLOGIA DA 6 REGIAO - CRP-06",https://cnetmobile.estaleiro.serpro.gov.br/comprasnet-web/public/landing?destino=acompanhamento-compra&compra=38925505900012024
PNCP-50176270000126-1-000002-2024,"Edital 90001/2024","São Paulo [SP]",SP,"Pregão eletrônico",5,"SAO PAULO TRIBUNAL DE CONTAS DO MUNICIPIO",https://cnetmobile.estaleiro.serpro.gov.br/comprasnet-web/public/landing?destino=acompanhamento-compra&compra=92546205900012024
PNCP-08082743000160-1-000002-2024,"Edital 90001/2024","São Paulo [SP]",SP,"Pregão eletrônico",5,"SECRETARIA MUNICIPAL DA PESSOA COM DEFICIENCIA",https://cnetmobile.estaleiro.serpro.gov.br/comprasnet-web/public/landing?destino=acompanhamento-compra&compra=92512705900012024
PNCP-46379400000150-1-000080-2024,"Edital 90002/2024","Jacareí [SP]",SP,"Pregão eletrônico",5,"ESTADO DE SAO PAULO",https://cnetmobile.estaleiro.serpro.gov.br/comprasnet-web/public/landing?destino=acompanhamento-compra&compra=98658905900022024
PNCP-00394429000100-1-000052-2024,"Edital 90002/2024","São Paulo [SP]",SP,"Pregão eletrônico",5,"COMANDO DA AERONAUTICA",https://cnetmobile.estaleiro.serpro.gov.br/comprasnet-web/public/landing?destino=acompanhamento-compra&compra=12063305900022024
PNCP-49269236000117-1-000020-2024,"Edital 90002/2024","São Paulo [SP]",SP,"Pregão eletrônico",5,"SECRETARIA MUNICIPAL DAS SUBPREFEITURAS",https://cnetmobile.estaleiro.serpro.gov.br/comprasnet-web/public/landing?destino=acompanhamento-compra&compra=92500405900022024
PNCP-46392114000125-1-000014-2024,"Edital 90003/2024","São Paulo [SP]",SP,"Pregão eletrônico",5,"SECRETARIA MUNICIPAL DE EDUCACAO",https://cnetmobile.estaleiro.serpro.gov.br/comprasnet-web/public/landing?destino=acompanhamento-compra&compra=92501305900032024
PNCP-00394502000144-1-000116-2024,"Edital 90003/2024","São Paulo [SP]",SP,"Pregão eletrônico",5,"COMANDO DA MARINHA",https://cnetmobile.estaleiro.serpro.gov.br/comprasnet-web/public/landing?destino=acompanhamento-compra&compra=74205005900032024
PNCP-46379400000150-1-000085-2024,"Edital 90003/2024","Sertãozinho [SP]",SP,"Pregão eletrônico",5,"ESTADO DE SAO PAULO",https://cnetmobile.estaleiro.serpro.gov.br/comprasnet-web/public/landing?destino=acompanhamento-compra&compra=92730105900032024
PNCP-46379400000150-1-000086-2024,"Edital 90004/2024","São Paulo [SP]",SP,"Pregão eletrônico",5,"ESTADO DE SAO PAULO",https://cnetmobile.estaleiro.serpro.gov.br/comprasnet-web/public/landing?destino=acompanhamento-compra&compra=93045205900042024
PNCP-46392114000125-1-000013-2024,"Edital 90004/2024","São Paulo [SP]",SP,"Pregão eletrônico",5,"SECRETARIA MUNICIPAL DE EDUCACAO",https://cnetmobile.estaleiro.serpro.gov.br/comprasnet-web/public/landing?destino=acompanhamento-compra&compra=92501305900042024
PNCP-46379400000150-1-000082-2024,"Edital 90006/2024","São José dos Campos [SP]",SP,"Pregão eletrônico",5,"ESTADO DE SAO PAULO",https://cnetmobile.estaleiro.serpro.gov.br/comprasnet-web/public/landing?destino=acompanhamento-compra&compra=92933405900062024
PNCP-46379400000150-1-000087-2024,"Edital 90006/2024","Campinas [SP]",SP,"Pregão eletrônico",5,"ESTADO DE SAO PAULO",https://cnetmobile.estaleiro.serpro.gov.br/comprasnet-web/public/landing?destino=acompanhamento-compra&compra=98629105900062024
PNCP-46379400000150-1-000089-2024,"Edital 90007/2024","Campinas [SP]",SP,"Pregão eletrônico",5,"ESTADO DE SAO PAULO",https://cnetmobile.estaleiro.serpro.gov.br/comprasnet-web/public/landing?destino=acompanhamento-compra&compra=98629105900072024
PNCP-46379400000150-1-000081-2024,"Edital 90009/2024","São José dos Campos [SP]",SP,"Pregão eletrônico",5,"ESTADO DE SAO PAULO",https://cnetmobile.estaleiro.serpro.gov.br/comprasnet-web/public/landing?destino=acompanhamento-compra&compra=92933405900092024
PNCP-13864377000130-1-000070-2024,"Edital 90048/2024","São Paulo [SP]",SP,"Pregão eletrônico",5,"FUNDO MUNICIPAL DE SAUDE - FMS",https://cnetmobile.estaleiro.serpro.gov.br/comprasnet-web/public/landing?destino=acompanhamento-compra&compra=92500305900482024
PNCP-13864377000130-1-000076-2024,"Edital 90049/2024","São Paulo [SP]",SP,"Pregão eletrônico",5,"FUNDO MUNICIPAL DE SAUDE - FMS",https://cnetmobile.estaleiro.serpro.gov.br/comprasnet-web/public/landing?destino=acompanhamento-compra&compra=92500305900492024
PNCP-13864377000130-1-000071-2024,"Edital 90050/2024","São Paulo [SP]",SP,"Pregão eletrônico",5,"FUNDO MUNICIPAL DE SAUDE - FMS",https://cnetmobile.estaleiro.serpro.gov.br/comprasnet-web/public/landing?destino=acompanhamento-compra&compra=92500305900502024
PNCP-13864377000130-1-000073-2024,"Edital 90051/2024","São Paulo [SP]",SP,"Pregão eletrônico",5,"FUNDO MUNICIPAL DE SAUDE - FMS",https://cnetmobile.estaleiro.serpro.gov.br/comprasnet-web/public/landing?destino=acompanhamento-compra&compra=92500305900512024
PNCP-13864377000130-1-000074-2024,"Edital 90052/2024","São Paulo [SP]",SP,"Pregão eletrônico",5,"FUNDO MUNICIPAL DE SAUDE - FMS",https://cnetmobile.estaleiro.serpro.gov.br/comprasnet-web/public/landing?destino=acompanhamento-compra&compra=92500305900522024
PNCP-13864377000130-1-000075-2024,"Edital 90053/2024","São Paulo [SP]",SP,"Pregão eletrônico",5,"FUNDO MUNICIPAL DE SAUDE - FMS",https://cnetmobile.estaleiro.serpro.gov.br/comprasnet-web/public/landing?destino=acompanhamento-compra&compra=92500305900532024
PNCP-13864377000130-1-000077-2024,"Edital 90054/2024","São Paulo [SP]",SP,"Pregão eletrônico",5,"FUNDO MUNICIPAL DE SAUDE - FMS",https://cnetmobile.estaleiro.serpro.gov.br/comprasnet-web/public/landing?destino=acompanhamento-compra&compra=92500305900542024
PNCP-13864377000130-1-000078-2024,"Edital 90055/2024","São Paulo [SP]",SP,"Pregão eletrônico",5,"FUNDO MUNICIPAL DE SAUDE - FMS",https://cnetmobile.estaleiro.serpro.gov.br/comprasnet-web/public/landing?destino=acompanhamento-compra&compra=92500305900552024
PNCP-46643466000106-1-000002-2024,"Edital PREGAO ELETRONICO: 2/2024/SGAF/2024","São José dos Campos [SP]",SP,"Pregão eletrônico",5,"MUNICIPIO DE SAO JOSE DOS CAMPOS",https://servicos.sjc.sp.gov.br/sa/licitacoes/confirma_download_edital.aspx?id=19058
PNCP-00394452000103-1-014691-2023,"Edital 00013/2023","Fortaleza [CE]",CE,"Pregão eletrônico",5,"COMANDO DO EXERCITO",https://cnetmobile.estaleiro.serpro.gov.br/comprasnet-web/public/landing?destino=acompanhamento-compra&compra=16005005000132023
PNCP-00394445000101-1-000188-2023,"Edital 00016/2023","Redenção [CE]",CE,"Pregão eletrônico",5,"MINISTERIO DA EDUCACAO",https://cnetmobile.estaleiro.serpro.gov.br/comprasnet-web/public/landing?destino=acompanhamento-compra&compra=15856505000162023
PNCP-07414931000185-1-000007-2024,"Contratação Direta 002/2024/2024","Penaforte [CE]",CE,Dispensa,6,"MUNICIPIO DE PENAFORTE",http://www.licitapenaforte.com.br
PNCP-07414931000185-1-000006-2024,"Contratação Direta 003/2024/2024","Penaforte [CE]",CE,Dispensa,6,"MUNICIPIO DE PENAFORTE",http://www.licitapenaforte.com.br
PNCP-07414931000185-1-000008-2024,"Contratação Direta 004/2024/2024","Penaforte [CE]",CE,Dispensa,6,"MUNICIPIO DE PENAFORTE",http://www.licitapenaforte.com.br
PNCP-07414931000185-1-000009-2024,"Contratação Direta 005/2024/2024","Penaforte [CE]",CE,Dispensa,6,"MUNICIPIO DE PENAFORTE",http://www.licitapenaforte.com.br
PNCP-07963051000168-1-000012-2024,"Contratação Direta 07.24.01.17.001-DL/2024","Maranguape [CE]",CE,Dispensa,6,"MUNICIPIO DE MARANGUAPE",https://licitamaisbrasil.com.br/detalhes-do-edital/zBpbYWnZup7jX1jr
PNCP-07963051000168-1-000011-2024,"Contratação Direta 07.24.01.22.001-DL/2024","Maranguape [CE]",CE,Dispensa,6,"MUNICIPIO DE MARANGUAPE",https://licitamaisbrasil.com.br/detalhes-do-edital/W3P4arDAG9MZ2bLR
PNCP-07963051000168-1-000014-2024,"Contratação Direta 10.24.01.16.001-DL/2024","Maranguape [CE]",CE,Dispensa,6,"MUNICIPIO DE MARANGUAPE",https://licitamaisbrasil.com.br/detalhes-do-edital/fAGSzoIgh2Qyv9Pk
PNCP-07963051000168-1-000013-2024,"Contratação Direta 10.24.01.19.001-DL/2024","Maranguape [CE]",CE,Dispensa,6,"MUNICIPIO DE MARANGUAPE",https://licitamaisbrasil.com.br/detalhes-do-edital/-bP0j-cEouvXckSp
PNCP-07606478000109-1-000003-2024,"Contratação Direta 2024.01.19.1 - DE/2024","Guaramiranga [CE]",CE,Dispensa,6,"MUNICIPIO DE GUARAMIRANGA",http://compras.m2atecnologia.com.br/processos/publicacao/02ca475cccd44fcabcdc100b9789d35d/servico-de-locacao-de-software-para-gestao-de-rpps
PNCP-07606478000109-1-000004-2024,"Contratação Direta 2024.01.22.1-DE/2024","Guaramiranga [CE]",CE,Dispensa,6,"MUNICIPIO DE GUARAMIRANGA",http://compras.m2atecnologia.com.br/processos/publicacao/cd52e7c3f52d45589efa2d8a19e0554f/contratacao-de-servicos-especializados-em-tecnolog
PNCP-07391006000186-1-000002-2024,"Contratação Direta 2024.01.24.1/2024","Jardim [CE]",CE,Dispensa,6,"MUNICIPIO DE JARDIM",http://www.comprasjardimceara.com.br
PNCP-01463752000151-1-000006-2024,"Contratação Direta 2024012201-DE/2024","Jaguaribe [CE]",CE,Dispensa,6,"MUNICIPIO DE JAGUARIBE - CAMARA MUNICIPAL",http://compras.m2atecnologia.com.br/processos/publicacao/2619904150a746e69b20bce9ac394852/contratacao-de-empresa-especializada-no-fornecimen
PNCP-02265715000100-1-000007-2024,"Contratação Direta 2024012202-DE/2024","Jaguaribara [CE]",CE,Dispensa,6,"MUNICIPIO DE JAGUARIBARA - CAMARA MUNICIPAL",http://compras.m2atecnologia.com.br/processos/publicacao/e0e4bff0b49b43f5910732033e926cc6/contratacao-de-servicos-especializados-em-tecnolog
PNCP-01463752000151-1-000005-2024,"Contratação Direta 2024012301-DE/2024","Jaguaribe [CE]",CE,Dispensa,6,"MUNICIPIO DE JAGUARIBE - CAMARA MUNICIPAL",http://compras.m2atecnologia.com.br/processos/publicacao/7b92317bf664435ba3670662e630d2b0/contratacao-de-servicos-especializados-em-tecnolog
PNCP-07391006000186-1-000001-2024,"Contratação Direta 2025.01.25.1/2024","Jardim [CE]",CE,Dispensa,6,"MUNICIPIO DE JARDIM",http://www.comprasjardimceara.com.br
PNCP-06741565000106-1-000001-2024,"Contratação Direta 2501.01-24-DEPM/2024","Milhã [CE]",CE,Dispensa,6,"MUNICIPIO DE MILHA",http://compras.m2atecnologia.com.br/processos/publicacao/4132a344188d447294cbadddbc4e3419/aquisicao-de-combustiveis-no-perimetro-urbano-de-m
PNCP-07982010000119-1-000001-2024,"Edital 00.001/2024/2024","Novo Oriente [CE]",CE,"Pregão eletrônico",5,"MUNICIPIO DE NOVO ORIENTE",http://compras.m2atecnologia.com.br/processos/publicacao/6d2c0566dfa64c47a63b90cb6e0cd667/registro-de-preco-visando-futura-e-eventual-aquisi
PNCP-07954480000179-1-002931-2023,"Edital 00986/2023","Fortaleza [CE]",CE,"Pregão eletrônico",5,"ESTADO DO CEARA",https://cnetmobile.estaleiro.serpro.gov.br/comprasnet-web/public/landing?destino=acompanhamento-compra&compra=94300105009862023
PNCP-07663917000115-1-000004-2024,"Edital 01/2024-SEGAF/2024","Cruz [CE]",CE,"Pregão eletrônico",5,"MUNICIPIO DE CRUZ",https://licitamaisbrasil.com.br/detalhes-do-edital/N7zrbyMuLgs7-cap
PNCP-07954480000179-1-002930-2023,"Edital 01815/2023","Fortaleza [CE]",CE,"Pregão eletrônico",5,"ESTADO DO CEARA",https://cnetmobile.estaleiro.serpro.gov.br/comprasnet-web/public/landing?destino=acompanhamento-compra&compra=94300105018152023
PNCP-07954480000179-1-002929-2023,"Edital 01864/2023","Fortaleza [CE]",CE,"Pregão eletrônico",5,"ESTADO DO CEARA",https://cnetmobile.estaleiro.serpro.gov.br/comprasnet-web/public/landing?destino=acompanhamento-compra&compra=94300105018642023
PNCP-07954480000179-1-002933-2023,"Edital 01970/2023","Fortaleza [CE]",CE,"Pregão eletrônico",5,"ESTADO DO CEARA",https://cnetmobile.estaleiro.serpro.gov.br/comprasnet-web/public/landing?destino=acompanhamento-compra&compra=94300105019702023
PNCP-07954480000179-1-002932-2023,"Edital 01974/2023","Fortaleza [CE]",CE,"Pregão eletrônico",5,"ESTADO DO CEARA",https://cnetmobile.estaleiro.serpro.gov.br/comprasnet-web/public/landing?destino=acompanhamento-compra&compra=94300105019742023
PNCP-07954480000179-1-002915-2023,"Edital 202314696/2023","Fortaleza [CE]",CE,"Pregão eletrônico",5,"ESTADO DO CEARA",http://comprasgovernamentais.gov.br/
PNCP-07954480000179-1-002916-2023,"Edital 202321338/2023","Fortaleza [CE]",CE,"Pregão eletrônico",5,"ESTADO DO CEARA",http://comprasgovernamentais.gov.br/
PNCP-07954480000179-1-002934-2023,"Edital 202322519/2023","Fortaleza [CE]",CE,"Pregão eletrônico",5,"ESTADO DO CEARA",http://comprasgovernamentais.gov.br/
PNCP-07954480000179-1-002927-2023,"Edital 202323663/2023","Fortaleza [CE]",CE,"Pregão eletrônico",5,"ESTADO DO CEARA",http://comprasgovernamentais.gov.br/
PNCP-07954480000179-1-002922-2023,"Edital 202323796/2023","Fortaleza [CE]",CE,"Pregão eletrônico",5,"ESTADO DO CEARA",http://comprasgovernamentais.gov.br/
PNCP-07954480000179-1-002917-2023,"Edital 202323925/2023","Fortaleza [CE]",CE,"Pregão eletrônico",5,"ESTADO DO CEARA",http://comprasgovernamentais.gov.br/
PNCP-07954480000179-1-002938-2023,"Edital 202324400/2023","Fortaleza [CE]",CE,"Pregão eletrônico",5,"ESTADO DO CEARA",http://comprasgovernamentais.gov.br/
PNCP-07954480000179-1-002926-2023,"Edital 202324900/2023","Fortaleza [CE]",CE,"Pregão eletrônico",5,"ESTADO DO CEARA",http://comprasgovernamentais.gov.br/
PNCP-07954480000179-1-002937-2023,"Edital 202324918/2023","Fortaleza [CE]",CE,"Pregão eletrônico",5,"ESTADO DO CEARA",http://comprasgovernamentais.gov.br/
PNCP-07954480000179-1-002921-2023,"Edital 202325053/2023","Fortaleza [CE]",CE,"Pregão eletrônico",5,"ESTADO DO CEARA",http://comprasgovernamentais.gov.br/
PNCP-07954480000179-1-002928-2023,"Edital 202325252/2023","Fortaleza [CE]",CE,"Pregão eletrônico",5,"ESTADO DO CEARA",http://comprasgovernamentais.gov.br/
PNCP-07954480000179-1-002924-2023,"Edital 202325441/2023","Fortaleza [CE]",CE,"Pregão eletrônico",5,"ESTADO DO CEARA",http://comprasgovernamentais.gov.br/
PNCP-07954480000179-1-002918-2023,"Edital 202325555/2023","Fortaleza [CE]",CE,"Pregão eletrônico",5,"ESTADO DO CEARA",http://comprasgovernamentais.gov.br/
PNCP-07954480000179-1-002920-2023,"Edital 202326119/2023","Fortaleza [CE]",CE,"Pregão eletrônico",5,"ESTADO DO CEARA",http://comprasgovernamentais.gov.br/
PNCP-07954480000179-1-002925-2023,"Edital 202326175/2023","Fortaleza [CE]",CE,"Pregão eletrônico",5,"ESTADO DO CEARA",http://comprasgovernamentais.gov.br/
PNCP-07954480000179-1-002923-2023,"Edital 202326889/2023","Fortaleza [CE]",CE,"Pregão eletrônico",5,"ESTADO DO CEARA",http://comprasgovernamentais.gov.br/
PNCP-07954480000179-1-002939-2023,"Edital 202326907/2023","Fortaleza [CE]",CE,"Pregão eletrônico",5,"ESTADO DO CEARA",http://comprasgovernamentais.gov.br/
PNCP-07954480000179-1-002919-2023,"Edital 202327924/2023","Fortaleza [CE]",CE,"Pregão eletrônico",5,"ESTADO DO CEARA",http://comprasgovernamentais.gov.br/
PNCP-07954480000179-1-002935-2023,"Edital 202328894/2023","Fortaleza [CE]",CE,"Pregão eletrônico",5,"ESTADO DO CEARA",http://comprasgovernamentais.gov.br/
PNCP-07954480000179-1-002936-2023,"Edital 202329893/2023","Fortaleza [CE]",CE,"Pregão eletrônico",5,"ESTADO DO CEARA",http://comprasgovernamentais.gov.br/
PNCP-07539273000158-1-000003-2024,"Edital 2024.01.25.1/2024","Várzea Alegre [CE]",CE,"Pregão eletrônico",5,"MUNICIPIO DE VARZEA ALEGRE",http://www.portaldevarzeaalegrece.com.br
PNCP-07288905000158-1-000001-2024,"Edital 90001/2024","Fortaleza [CE]",CE,"Pregão eletrônico",5,"CONSELHO REGIONAL DE FARMACIA",https://cnetmobile.estaleiro.serpro.gov.br/comprasnet-web/public/landing?destino=acompanhamento-compra&compra=38944205900012024
PNCP-09529215000179-1-000001-2024,"Edital 90001/2024","Fortaleza [CE]",CE,"Pregão eletrônico",5,"CONSELHO REGIONAL DE ADMINISTRACAO DO CEARA",https://cnetmobile.estaleiro.serpro.gov.br/comprasnet-web/public/landing?destino=acompanhamento-compra&compra=92659405900012024
PNCP-07954480000179-1-000042-2024,"Edital 90003/2024","Fortaleza [CE]",CE,"Pregão eletrônico",5,"ESTADO DO CEARA",https://cnetmobile.estaleiro.serpro.gov.br/comprasnet-web/public/landing?destino=acompanhamento-compra&compra=92648405900032024
PNCP-07237373000120-1-000005-2024,"Edital 90004/2024","Fortaleza [CE]",CE,"Pregão eletrônico",5,"BANCO DO NORDESTE DO BRASIL",https://cnetmobile.estaleiro.serpro.gov.br/comprasnet-web/public/landing?destino=acompanhamento-compra&compra=17908505900042024
PNCP-07237373000120-1-000003-2024,"Edital 90006/2024","Fortaleza [CE]",CE,Concorrência,2,"BANCO DO NORDESTE DO BRASIL",https://cnetmobile.estaleiro.serpro.gov.br/comprasnet-web/public/landing?destino=acompanhamento-compra&compra=17908503900062024
PNCP-07237373000120-1-000004-2024,"Edital 90007/2024","Fortaleza [CE]",CE,Concorrência,2,"BANCO DO NORDESTE DO BRASIL",https://cnetmobile.estaleiro.serpro.gov.br/comprasnet-web/public/landing?destino=acompanhamento-compra&compra=17908503900072024
PNCP-07993439000101-1-000001-2024,"Edital SC-PE001/2024/2024","Nova Russas [CE]",CE,"Pregão eletrônico",5,"MUNICIPIO DE NOVA RUSSAS",http://compras.m2atecnologia.com.br/processos/publicacao/0f95e0d2718142458c260c499f150051/registro-de-precos-para-contratacao-de-empresa-esp
PNCP-72130818000130-1-000001-2024,"Contratação Direta 001/2024","Taquaritinga [SP]",SP,Dispensa,6,"MUNICIPIO DE TAQUARITINGA",http://www.licitacaotaquaritinga.com.br
PNCP-47563325000146-1-000003-2024,"Contratação Direta 010/2024","Piquete [SP]",SP,Dispensa,6,"MUNICIPIO DE PIQUETE",https://alertalicitacao.com.br/!licitacao/PNCP-47563325000146-1-000003-2024
PNCP-47563325000146-1-000005-2024,"Contratação Direta 011/2024","Piquete [SP]",SP,Dispensa,6,"MUNICIPIO DE PIQUETE",https://alertalicitacao.com.br/!licitacao/PNCP-47563325000146-1-000005-2024
PNCP-46523296000126-1-000002-2024,"Contratação Direta 1/2024","Salesópolis [SP]",SP,Dispensa,6,"MUNICIPIO DE SALESOPOLIS",https://pmsalesopolis.geosiap.net.br/portal-transparencia/licitacoes/processo/1566
PNCP-46634143000156-1-000002-2024,"Contratação Direta 10/2024","Bofete [SP]",SP,Dispensa,6,"MUNICIPIO DE BOFETE",https://alertalicitacao.com.br/!licitacao/PNCP-46634143000156-1-000002-2024
PNCP-45370707000128-1-000003-2024,"Contratação Direta 100021/2024","Pitangueiras [SP]",SP,Dispensa,6,"MUNICIPIO DE PITANGUEIRAS",https://alertalicitacao.com.br/!licitacao/PNCP-45370707000128-1-000003-2024
PNCP-46588950000180-1-000011-2024,"Contratação Direta 1102/2024","São José do Rio Preto [SP]",SP,Dispensa,6,"MUNICIPIO DE SAO JOSE DO RIO PRETO",https://compras.empro.com.br/
PNCP-46588950000180-1-000014-2024,"Contratação Direta 1118/2024","São José do Rio Preto [SP]",SP,Dispensa,6,"MUNICIPIO DE SAO JOSE DO RIO PRETO",https://compras.empro.com.br/
PNCP-46588950000180-1-000013-2024,"Contratação Direta 1119/2024","São José do Rio Preto [SP]",SP,Dispensa,6,"MUNICIPIO DE SAO JOSE DO RIO PRETO",https://compras.empro.com.br/
PNCP-46694139000183-1-000028-2024,"Contratação Direta 25/2024","Jacareí [SP]",SP,Dispensa,6,"MUNICIPIO DE JACAREI",https://pmjacarei.geosiap.net.br/portal-transparencia/licitacoes/processo/64974
PNCP-46482840000139-1-000008-2024,"Contratação Direta 3/2024","Caraguatatuba [SP]",SP,Dispensa,6,"MUNICIPIO DE CARAGUATATUBA",https://pmcaraguatatuba.geosiap.net.br/portal-transparencia/licitacoes/processo/83275
PNCP-46223699000150-1-000022-2024,"Contratação Direta 39460/2024","Piraju [SP]",SP,Dispensa,6,"MUNICIPIO DE PIRAJU",http://pncpmap.jelastic.saveincloud.net
PNCP-46223699000150-1-000031-2024,"Contratação Direta 39480/2024","Piraju [SP]",SP,Dispensa,6,"MUNICIPIO DE PIRAJU",http://pncpmap.jelastic.saveincloud.net
PNCP-46223699000150-1-000032-2024,"Contratação Direta 39481/2024","Piraju [SP]",SP,Dispensa,6,"MUNICIPIO DE PIRAJU",http://pncpmap.jelastic.saveincloud.net
PNCP-46223699000150-1-000034-2024,"Contratação Direta 39481/2024","Piraju [SP]",SP,Dispensa,6,"MUNICIPIO DE PIRAJU",http://pncpmap.jelastic.saveincloud.net
PNCP-53415717000160-1-000004-2024,"Contratação Direta 4/2024","Ourinhos [SP]",SP,Dispensa,6,"MUNICIPIO DE OURINHOS",https://www.ourinhos.sp.gov.br/portal/editais/0/1/2869
PNCP-45226214000119-1-000005-2024,"Contratação Direta 7/2024","Pindamonhangaba [SP]",SP,Dispensa,6,"MUNICIPIO DE PINDAMONHANGABA",https://pmpindamonhangaba.geosiap.net.br/portal-transparencia/licitacoes/processo/20667
PNCP-45226214000119-1-000006-2024,"Contratação Direta 9/2024","Pindamonhangaba [SP]",SP,Dispensa,6,"MUNICIPIO DE PINDAMONHANGABA",https://pmpindamonhangaba.geosiap.net.br/portal-transparencia/licitacoes/processo/20668
PNCP-51864114000110-1-000005-2024,"Contratação Direta CMJ-2024-6-1/2024","Jundiaí [SP]",SP,Dispensa,6,"CAMARA MUNICIPAL DE JUNDIAI",https://compraaberta.jundiai.sp.gov.br/licitacoes/
PNCP-51864114000110-1-000006-2024,"Contratação Direta CMJ-2024-7-1/2024","Jundiaí [SP]",SP,Dispensa,6,"CAMARA MUNICIPAL DE JUNDIAI",https://compraaberta.jundiai.sp.gov.br/licitacoes/
PNCP-05507216000161-1-000008-2024,"Contratação Direta IPREJUN-2024-6-1/2024","Jundiaí [SP]",SP,Dispensa,6,"INSTITUTO DE PREVIDENCIA DO MUNICIPIO DE JUNDIAI",https://compraaberta.jundiai.sp.gov.br/licitacoes/
PNCP-45780103000150-1-000234-2024,"Contratação Direta PMJ-2024-207-1/2024","Jundiaí [SP]",SP,Dispensa,6,"MUNICIPIO DE JUNDIAI",https://compraaberta.jundiai.sp.gov.br/licitacoes/
PNCP-45780103000150-1-000235-2024,"Contratação Direta PMJ-2024-208-1/2024","Jundiaí [SP]",SP,Dispensa,6,"MUNICIPIO DE JUNDIAI",https://compraaberta.jundiai.sp.gov.br/licitacoes/
PNCP-45780103000150-1-000236-2024,"Contratação Direta PMJ-2024-209-1/2024","Jundiaí [SP]",SP,Dispensa,6,"MUNICIPIO DE JUNDIAI",https://compraaberta.jundiai.sp.gov.br/licitacoes/
PNCP-45780103000150-1-000237-2024,"Contratação Direta PMJ-2024-210-1/2024","Jundiaí [SP]",SP,Dispensa,6,"MUNICIPIO DE JUNDIAI",https://compraaberta.jundiai.sp.gov.br/licitacoes/
PNCP-45780103000150-1-000238-2024,"Contratação Direta PMJ-2024-219-1/2024","Jundiaí [SP]",SP,Dispensa,6,"MUNICIPIO DE JUNDIAI",https://compraaberta.jundiai.sp.gov.br/licitacoes/
PNCP-45780103000150-1-000239-2024,"Contratação Direta PMJ-2024-223-1/2024","Jundiaí [SP]",SP,Dispensa,6,"MUNICIPIO DE JUNDIAI",https://compraaberta.jundiai.sp.gov.br/licitacoes/
PNCP-45780103000150-1-000240-2024,"Contratação Direta PMJ-2024-224-1/2024","Jundiaí [SP]",SP,Dispensa,6,"MUNICIPIO DE JUNDIAI",https://compraaberta.jundiai.sp.gov.br/licitacoes/
PNCP-00394452000103-1-014693-2023,"Edital 00028/2023","Barueri [SP]",SP,"Pregão eletrônico",5,"COMANDO DO EXERCITO",https://cnetmobile.estaleiro.serpro.gov.br/comprasnet-web/public/landing?destino=acompanhamento-compra&compra=16052905000282023
PNCP-62655246000159-1-000102-2023,"Edital 00052/2023","São Paulo [SP]",SP,"Pregão eletrônico",5,"CONSELHO REGIONAL DE CORRETORES DE IMOVEIS DA 2 REGIAO",https://cnetmobile.estaleiro.serpro.gov.br/comprasnet-web/public/landing?destino=acompanhamento-compra&compra=38929705000522023
PNCP-46680500000112-1-000001-2024,"Edital 001/2024","Guaratinguetá [SP]",SP,"Pregão eletrônico",5,"MUNICIPIO DE GUARATINGUETA",http://www.licitacoesguaratingueta.com.br
PNCP-47563325000146-1-000004-2024,"Edital 005/2024","Piquete [SP]",SP,"Pregão eletrônico",5,"MUNICIPIO DE PIQUETE",https://alertalicitacao.com.br/!licitacao/PNCP-47563325000146-1-000004-2024
PNCP-46634143000156-1-000003-2024,"Edital 01/2024","Bofete [SP]",SP,Concorrência,2,"MUNICIPIO DE BOFETE",https://alertalicitacao.com.br/!licitacao/PNCP-46634143000156-1-000003-2024
PNCP-46482840000139-1-000005-2024,"Edital 05/2024","Caraguatatuba [SP]",SP,"Pregão eletrônico",5,"MUNICIPIO DE CARAGUATATUBA",http://www.comprascaragua.com.br
PNCP-02310729000190-1-000004-2024,"Edital 1/2024","Bariri [SP]",SP,"Pregão eletrônico",5,"SERVICO DE AGUA E ESGOTO DO MUNICIPIO DE BARIRI SAEMBA",https://saemba.sp.gov.br/portal/editais/0/1/409/
PNCP-45116092000108-1-000001-2024,"Edital 1/2024","Meridiano [SP]",SP,Concorrência,2,"MUNICIPIO DE MERIDIANO",https://meridiano.sp.gov.br/licitacao/
PNCP-45150166000122-1-000001-2024,"Edital 1/2024","Paulo de Faria [SP]",SP,"Pregão eletrônico",5,"MUNICIPIO DE PAULO DE FARIA",http://177.129.204.53:8079/COMPRASEDITAL/
PNCP-45339611000105-1-000002-2024,"Edital 1/2024","Taiúva [SP]",SP,"Pregão eletrônico",5,"MUNICIPIO DE TAIUVA",http://10.0.0.255:8079/scpi9/comprasedital/
PNCP-59858134000190-1-000001-2024,"Edital 1/2024","Parisi [SP]",SP,"Pregão eletrônico",5,"MUNICIPIO DE PARISI",http://177.39.83.130:8079/comprasedital/
PNCP-43076702000161-1-000023-2023,"Edital 10003/2023","São Paulo [SP]",SP,"Pregão eletrônico",5,"PMSP - EMPRESA DE TEC. DA INFORMAÇÃO - PRODAM",https://cnetmobile.estaleiro.serpro.gov.br/comprasnet-web/public/landing?destino=acompanhamento-compra&compra=92509905100032023
PNCP-46634416000162-1-000001-2024,"Edital 11/2024","Riversul [SP]",SP,Leilão,3,"MUNICIPIO DE RIVERSUL",http://pncpmap.jelastic.saveincloud.net
PNCP-45355575000165-1-000001-2024,"Edital 2/2024","Ibaté [SP]",SP,"Pregão eletrônico",5,"MUNICIPIO DE IBATE",http://edital.ibate.sp.gov.br:5656/comprasedital/
PNCP-45355575000165-1-000002-2024,"Edital 2/2024","Ibaté [SP]",SP,"Pregão eletrônico",5,"MUNICIPIO DE IBATE",http://edital.ibate.sp.gov.br:5656/comprasedital/
PNCP-46482840000139-1-000004-2024,"Edital 3/2024","Caraguatatuba [SP]",SP,"Pregão eletrônico",5,"MUNICIPIO DE CARAGUATATUBA",https://pmcaraguatatuba.geosiap.net.br/portal-transparencia/licitacoes/processo/83167
PNCP-46482840000139-1-000006-2024,"Edital 4/2024","Caraguatatuba [SP]",SP,"Pregão eletrônico",5,"MUNICIPIO DE CARAGUATATUBA",https://pmcaraguatatuba.geosiap.net.br/portal-transparencia/licitacoes/processo/83272
PNCP-45093663000136-1-000007-2024,"Edital 6/2024","Cedral [SP]",SP,"Pregão eletrônico",5,"MUNICIPIO DE CEDRAL",http://200.95.195.86:8081/comprasedital/
PNCP-45093663000136-1-000006-2024,"Edital 7/2024","Cedral [SP]",SP,"Pregão eletrônico",5,"MUNICIPIO DE CEDRAL",http://200.95.195.86:8081/comprasedital/
PNCP-45093663000136-1-000008-2024,"Edital 7/2024","Cedral [SP]",SP,"Pregão eletrônico",5,"MUNICIPIO DE CEDRAL",http://200.95.195.86:8081/comprasedital/
PNCP-49269236000117-1-000025-2024,"Edital 90001/2024","São Paulo [SP]",SP,"Pregão eletrônico",5,"SECRETARIA MUNICIPAL DAS SUBPREFEITURAS",https://cnetmobile.estaleiro.serpro.gov.br/comprasnet-web/public/landing?destino=acompanhamento-compra&compra=92506805900012024
PNCP-46392122000171-1-000001-2024,"Edital 90001/2024","São Paulo [SP]",SP,"Pregão eletrônico",5,"SECRETARIA MUNICIPAL DE ESPORTES E LAZER _ SEME",https://cnetmobile.estaleiro.serpro.gov.br/comprasnet-web/public/landing?destino=acompanhamento-compra&compra=92505505900012024
PNCP-46379400000150-1-000115-2024,"Edital 90001/2024","Pedreira [SP]",SP,"Pregão eletrônico",5,"ESTADO DE SAO PAULO",https://cnetmobile.estaleiro.serpro.gov.br/comprasnet-web/public/landing?destino=acompanhamento-compra&compra=98684305900012024
PNCP-49269236000117-1-000026-2024,"Edital 90001/2024","São Paulo [SP]",SP,"Pregão eletrônico",5,"SECRETARIA MUNICIPAL DAS SUBPREFEITURAS",https://cnetmobile.estaleiro.serpro.gov.br/comprasnet-web/public/landing?destino=acompanhamento-compra&compra=92507405900012024
PNCP-46379400000150-1-000108-2024,"Edital 90001/2024","Lençóis Paulista [SP]",SP,"Pregão eletrônico",5,"ESTADO DE SAO PAULO",https://cnetmobile.estaleiro.serpro.gov.br/comprasnet-web/public/landing?destino=acompanhamento-compra&compra=98663705900012024
PNCP-46392130000118-1-000002-2024,"Edital 90002/2024","São Paulo [SP]",SP,"Pregão eletrônico",5,"SECRETARIA MUNICIPAL DA FAZENDA",https://cnetmobile.estaleiro.serpro.gov.br/comprasnet-web/public/landing?destino=acompanhamento-compra&compra=92501105900022024
PNCP-46379400000150-1-000116-2024,"Edital 90002/2024","Pedreira [SP]",SP,"Pregão eletrônico",5,"ESTADO DE SAO PAULO",https://cnetmobile.estaleiro.serpro.gov.br/comprasnet-web/public/landing?destino=acompanhamento-compra&compra=98684305900022024
PNCP-26989715000102-1-000041-2024,"Edital 90002/2024","São Paulo [SP]",SP,"Pregão eletrônico",5,"MINISTERIO PUBLICO DA UNIAO",https://cnetmobile.estaleiro.serpro.gov.br/comprasnet-web/public/landing?destino=acompanhamento-compra&compra=20020405900022024
PNCP-46379400000150-1-000103-2024,"Edital 90004/2024","Jacareí [SP]",SP,"Pregão eletrônico",5,"ESTADO DE SAO PAULO",https://cnetmobile.estaleiro.serpro.gov.br/comprasnet-web/public/landing?destino=acompanhamento-compra&compra=98658905900042024
PNCP-46392114000125-1-000017-2024,"Edital 90005/2024","São Paulo [SP]",SP,"Pregão eletrônico",5,"SECRETARIA MUNICIPAL DE EDUCACAO",https://cnetmobile.estaleiro.serpro.gov.br/comprasnet-web/public/landing?destino=acompanhamento-compra&compra=92501305900052024
PNCP-46379400000150-1-000096-2024,"Edital 90005/2024","São Paulo [SP]",SP,"Pregão eletrônico",5,"ESTADO DE SAO PAULO",https://cnetmobile.estaleiro.serpro.gov.br/comprasnet-web/public/landing?destino=acompanhamento-compra&compra=93045205900052024
PNCP-46379400000150-1-000105-2024,"Edital 90006/2024","Jacareí [SP]",SP,"Pregão eletrônico",5,"ESTADO DE SAO PAULO",https://cnetmobile.estaleiro.serpro.gov.br/comprasnet-web/public/landing?destino=acompanhamento-compra&compra=98658905900062024
PNCP-44478196000108-1-000001-2024,"Edital 90006/2024","Marília [SP]",SP,"Pregão eletrônico",5,"CAMARA MUNICIPAL DE MARILIA",https://cnetmobile.estaleiro.serpro.gov.br/comprasnet-web/public/landing?destino=acompanhamento-compra&compra=92884505900062024
PNCP-46392114000125-1-000016-2024,"Edital 90006/2024","São Paulo [SP]",SP,"Pregão eletrônico",5,"SECRETARIA MUNICIPAL DE EDUCACAO",https://cnetmobile.estaleiro.serpro.gov.br/comprasnet-web/public/landing?destino=acompanhamento-compra&compra=92501305900062024
PNCP-46379400000150-1-000104-2024,"Edital 90008/2024","Campinas [SP]",SP,"Pregão eletrônico",5,"ESTADO DE SAO PAULO",https://cnetmobile.estaleiro.serpro.gov.br/comprasnet-web/public/landing?destino=acompanhamento-compra&compra=98629105900082024
PNCP-46379400000150-1-000107-2024,"Edital 90010/2024","Campinas [SP]",SP,"Pregão eletrônico",5,"ESTADO DE SAO PAULO",https://cnetmobile.estaleiro.serpro.gov.br/comprasnet-web/public/landing?destino=acompanhamento-compra&compra=98629105900102024
PNCP-46379400000150-1-000118-2024,"Edital 90011/2024","Campinas [SP]",SP,"Pregão eletrônico",5,"ESTADO DE SAO PAULO",https://cnetmobile.estaleiro.serpro.gov.br/comprasnet-web/public/landing?destino=acompanhamento-compra&compra=98629105900112024
PNCP-46379400000150-1-000106-2024,"Edital 90013/2024","Campinas [SP]",SP,"Pregão eletrônico",5,"ESTADO DE SAO PAULO",https://cnetmobile.estaleiro.serpro.gov.br/comprasnet-web/public/landing?destino=acompanhamento-compra&compra=98629105900132024
PNCP-46379400000150-1-000117-2024,"Edital 90016/2024","Campinas [SP]",SP,"Pregão eletrônico",5,"ESTADO DE SAO PAULO",https://cnetmobile.estaleiro.serpro.gov.br/comprasnet-web/public/landing?destino=acompanhamento-compra&compra=98629105900162024
PNCP-13864377000130-1-000085-2024,"Edital 90032/2024","São Paulo [SP]",SP,"Pregão eletrônico",5,"FUNDO MUNICIPAL DE SAUDE - FMS",https://cnetmobile.estaleiro.serpro.gov.br/comprasnet-web/public/landing?destino=acompanhamento-compra&compra=92500305900322024
PNCP-13864377000130-1-000083-2024,"Edital 90056/2024","São Paulo [SP]",SP,"Pregão eletrônico",5,"FUNDO MUNICIPAL DE SAUDE - FMS",https://cnetmobile.estaleiro.serpro.gov.br/comprasnet-web/public/landing?destino=acompanhamento-compra&compra=92500305900562024
PNCP-10882594000165-1-000013-2024,"Edital 91751/2024","São Paulo [SP]",SP,"Pregão eletrônico",5,"INSTITUTO FEDERAL DE EDUCACAO, CIENCIA E TECNOLOGIA DE SAO PAULO",https://cnetmobile.estaleiro.serpro.gov.br/comprasnet-web/public/landing?destino=acompanhamento-compra&compra=15815405917512024
PNCP-45780103000150-1-001012-2023,"Edital PMJ-2023-213-14/2023","Jundiaí [SP]",SP,"Pregão eletrônico",5,"MUNICIPIO DE JUNDIAI",https://compraaberta.jundiai.sp.gov.br/licitacoes/
PNCP-45780103000150-1-000228-2024,"Edital PMJ-2024-11-14/2024","Jundiaí [SP]",SP,"Pregão eletrônico",5,"MUNICIPIO DE JUNDIAI",https://compraaberta.jundiai.sp.gov.br/licitacoes/
PNCP-45780103000150-1-000229-2024,"Edital PMJ-2024-12-14/2024","Jundiaí [SP]",SP,"Pregão eletrônico",5,"MUNICIPIO DE JUNDIAI",https://compraaberta.jundiai.sp.gov.br/licitacoes/
PNCP-45780103000150-1-000230-2024,"Edital PMJ-2024-13-14/2024","Jundiaí [SP]",SP,"Pregão eletrônico",5,"MUNICIPIO DE JUNDIAI",https://compraaberta.jundiai.sp.gov.br/licitacoes/
PNCP-45780103000150-1-000209-2024,"Edital PMJ-2024-14-14/2024","Jundiaí [SP]",SP,"Pregão eletrônico",5,"MUNICIPIO DE JUNDIAI",https://compraaberta.jundiai.sp.gov.br/licitacoes/
PNCP-45780103000150-1-000210-2024,"Edital PMJ-2024-15-14/2024","Jundiaí [SP]",SP,"Pregão eletrônico",5,"MUNICIPIO DE JUNDIAI",https://compraaberta.jundiai.sp.gov.br/licitacoes/
